KSSS,w1,w2,w3,weights_mape_pct,ml_best_model,ml_best_mape_pct,current_mape_pct,chosen_source,chosen_model,chosen_w1,chosen_w2,chosen_w3,chosen_mape_pct
133674,,,,,,,6.475,current,current,,,,6.475
3347,,,,,,,6.544,current,current,,,,6.544
159201,,,,,,,6.618,current,current,,,,6.618
57402,,,,,,,6.684,current,current,,,,6.684
6430,,,,,,,6.894,current,current,,,,6.894
133597,,,,,,,7.119,current,current,,,,7.119
84802,,,,,,,7.17,current,current,,,,7.17
135057,,,,,,,7.524,current,current,,,,7.524
1947,,,,,,,7.543,current,current,,,,7.543
1949,,,,,,,7.596,current,current,,,,7.596
133589,,,,,,,7.665,current,current,,,,7.665
133530,,,,,,,7.694,current,current,,,,7.694
2549,,,,,,,7.696,current,current,,,,7.696
133458,,,,,,,7.747,current,current,,,,7.747
125653,,,,,,,7.762,current,current,,,,7.762
3729,,,,,,,7.809,current,current,,,,7.809
133457,,,,,,,7.818,current,current,,,,7.818
9346,,,,,,,7.848,current,current,,,,7.848
133685,,,,,,,7.879,current,current,,,,7.879
7131,,,,,,,7.884,current,current,,,,7.884
9340,,,,,,,7.898,current,current,,,,7.898
133686,,,,,,,7.915,current,current,,,,7.915
3809,,,,,,,7.931,current,current,,,,7.931
133569,,,,,,,7.95,current,current,,,,7.95
155105,,,,,,,7.957,current,current,,,,7.957
3955,,,,,,,7.994,current,current,,,,7.994
3749,,,,,,,8.028,current,current,,,,8.028
134010,,,,,,,8.038,current,current,,,,8.038
133679,,,,,,,8.046,current,current,,,,8.046
133614,,,,,,,8.092,current,current,,,,8.092
133664,,,,,,,8.112,current,current,,,,8.112
1969,,,,,,,8.118,current,current,,,,8.118
50601,,,,,,,8.207,current,current,,,,8.207
3163,,,,,,,8.239,current,current,,,,8.239
6400,,,,,,,8.262,current,current,,,,8.262
2876,,,,,,,8.284,current,current,,,,8.284
7330,,,,,,,8.296,current,current,,,,8.296
133616,,,,,,,8.3,current,current,,,,8.3
133655,,,,,,,8.302,current,current,,,,8.302
2607,,,,,,,8.331,current,current,,,,8.331
133702,,,,,,,8.343,current,current,,,,8.343
7279,,,,,,,8.343,current,current,,,,8.343
66208,,,,,,,8.364,current,current,,,,8.364
133673,,,,,,,8.387,current,current,,,,8.387
3388,,,,,,,8.415,current,current,,,,8.415
63801,,,,,,,8.425,current,current,,,,8.425
6986,,,,,,,8.46,current,current,,,,8.46
1892,,,,,,,8.487,current,current,,,,8.487
3755,,,,,,,8.49,current,current,,,,8.49
2609,,,,,,,8.492,current,current,,,,8.492
8714,,,,,,,8.524,current,current,,,,8.524
139407,,,,,,,8.577,current,current,,,,8.577
9085,,,,,,,8.586,current,current,,,,8.586
1071,0.11,0.07,0.82,8.88,,,8.622,current,current,,,,8.622
133459,,,,,,,8.623,current,current,,,,8.623
2736,,,,,,,8.639,current,current,,,,8.639
155025,,,,,,,8.651,current,current,,,,8.651
133656,,,,,,,8.652,current,current,,,,8.652
133256,,,,,,,8.653,current,current,,,,8.653
162602,,,,,,,8.668,current,current,,,,8.668
9222,,,,,,,8.677,current,current,,,,8.677
2653,,,,,,,8.678,current,current,,,,8.678
9333,,,,,,,8.68,current,current,,,,8.68
9207,,,,,,,8.686,current,current,,,,8.686
3982,,,,,,,8.691,current,current,,,,8.691
155001,,,,,,,8.693,current,current,,,,8.693
9755,,,,,,,8.708,current,current,,,,8.708
3206,,,,,,,8.714,current,current,,,,8.714
133630,,,,,,,8.731,current,current,,,,8.731
125607,,,,,,,8.738,current,current,,,,8.738
2612,,,,,,,8.741,current,current,,,,8.741
8899,,,,,,,8.768,current,current,,,,8.768
133617,,,,,,,8.775,current,current,,,,8.775
5006,,,,,,,8.799,current,current,,,,8.799
133629,,,,,,,8.814,current,current,,,,8.814
3497,,,,,,,8.819,current,current,,,,8.819
4215,,,,,,,8.829,current,current,,,,8.829
64203,,,,,,,8.879,current,current,,,,8.879
9315,,,,,,,8.883,current,current,,,,8.883
6479,,,,,,,8.885,current,current,,,,8.885
126204,,,,,,,8.886,current,current,,,,8.886
133527,,,,,,,8.887,current,current,,,,8.887
1955,,,,,,,8.896,current,current,,,,8.896
3346,,,,,,,8.914,current,current,,,,8.914
5972,,,,,,,8.92,current,current,,,,8.92
133670,,,,,,,8.921,current,current,,,,8.921
133296,,,,,,,8.926,current,current,,,,8.926
133699,,,,,,,8.941,current,current,,,,8.941
3954,,,,,,,8.965,current,current,,,,8.965
163404,,,,,,,8.977,current,current,,,,8.977
39605,,,,,,,9.001,current,current,,,,9.001
133443,,,,,,,9.005,current,current,,,,9.005
92202,,,,,,,9.005,current,current,,,,9.005
104801,,,,,,,9.012,current,current,,,,9.012
133311,,,,,,,9.013,current,current,,,,9.013
133652,,,,,,,9.019,current,current,,,,9.019
3817,,,,,,,9.039,current,current,,,,9.039
133672,,,,,,,9.05,current,current,,,,9.05
133727,,,,,,,9.055,current,current,,,,9.055
133633,,,,,,,9.069,current,current,,,,9.069
3377,,,,,,,9.072,current,current,,,,9.072
133634,,,,,,,9.073,current,current,,,,9.073
3330,,,,,,,9.09,current,current,,,,9.09
8912,,,,,,,9.091,current,current,,,,9.091
8788,,,,,,,9.1,current,current,,,,9.1
2192,,,,,,,9.102,current,current,,,,9.102
9320,,,,,,,9.111,current,current,,,,9.111
133232,,,,,,,9.118,current,current,,,,9.118
133334,,,,,,,9.131,current,current,,,,9.131
133601,,,,,,,9.131,current,current,,,,9.131
155021,,,,,,,9.142,current,current,,,,9.142
133570,,,,,,,9.184,current,current,,,,9.184
2827,,,,,,,9.188,current,current,,,,9.188
3331,,,,,,,9.213,current,current,,,,9.213
133626,,,,,,,9.24,current,current,,,,9.24
3350,,,,,,,9.245,current,current,,,,9.245
9431,,,,,,,9.249,current,current,,,,9.249
3144,,,,,,,9.256,current,current,,,,9.256
3315,,,,,,,9.26,current,current,,,,9.26
133438,,,,,,,9.268,current,current,,,,9.268
133644,,,,,,,9.27,current,current,,,,9.27
133372,,,,,,,9.272,current,current,,,,9.272
133397,,,,,,,9.273,current,current,,,,9.273
5974,,,,,,,9.278,current,current,,,,9.278
133508,,,,,,,9.294,current,current,,,,9.294
1886,,,,,,,9.294,current,current,,,,9.294
6416,,,,,,,9.294,current,current,,,,9.294
133657,,,,,,,9.299,current,current,,,,9.299
114602,,,,,,,9.313,current,current,,,,9.313
2713,,,,,,,9.322,current,current,,,,9.322
2226,,,,,,,9.327,current,current,,,,9.327
153002,,,,,,,9.339,current,current,,,,9.339
6405,,,,,,,9.343,current,current,,,,9.343
133653,,,,,,,9.351,current,current,,,,9.351
2646,,,,,,,9.352,current,current,,,,9.352
9720,,,,,,,9.356,current,current,,,,9.356
134145,,,,,,,9.358,current,current,,,,9.358
3370,,,,,,,9.365,current,current,,,,9.365
133515,,,,,,,9.366,current,current,,,,9.366
134031,,,,,,,9.37,current,current,,,,9.37
135076,,,,,,,9.37,current,current,,,,9.37
5043,,,,,,,9.376,current,current,,,,9.376
155023,,,,,,,9.381,current,current,,,,9.381
136812,,,,,,,9.383,current,current,,,,9.383
8774,,,,,,,9.392,current,current,,,,9.392
2605,,,,,,,9.395,current,current,,,,9.395
155084,,,,,,,9.411,current,current,,,,9.411
9312,,,,,,,9.413,current,current,,,,9.413
125606,,,,,,,9.415,current,current,,,,9.415
133529,,,,,,,9.423,current,current,,,,9.423
133605,,,,,,,9.424,current,current,,,,9.424
133689,,,,,,,9.44,current,current,,,,9.44
9317,,,,,,,9.477,current,current,,,,9.477
7315,,,,,,,9.483,current,current,,,,9.483
2789,,,,,,,9.485,current,current,,,,9.485
135069,,,,,,,9.512,current,current,,,,9.512
3135,,,,,,,9.522,current,current,,,,9.522
133556,,,,,,,9.524,current,current,,,,9.524
133513,,,,,,,9.532,current,current,,,,9.532
2709,,,,,,,9.58,current,current,,,,9.58
133619,,,,,,,9.589,current,current,,,,9.589
155049,,,,,,,9.593,current,current,,,,9.593
3316,,,,,,,9.594,current,current,,,,9.594
1918,,,,,,,9.595,current,current,,,,9.595
159004,,,,,,,9.596,current,current,,,,9.596
9811,,,,,,,9.609,current,current,,,,9.609
5037,,,,,,,9.615,current,current,,,,9.615
129003,,,,,,,9.616,current,current,,,,9.616
35401,,,,,,,9.626,current,current,,,,9.626
133379,,,,,,,9.636,current,current,,,,9.636
3438,,,,,,,9.644,current,current,,,,9.644
3595,,,,,,,9.653,current,current,,,,9.653
3654,,,,,,,9.656,current,current,,,,9.656
133561,,,,,,,9.661,current,current,,,,9.661
155036,,,,,,,9.663,current,current,,,,9.663
5014,,,,,,,9.666,current,current,,,,9.666
133743,,,,,,,9.675,current,current,,,,9.675
134005,,,,,,,9.678,current,current,,,,9.678
5015,,,,,,,9.681,current,current,,,,9.681
155013,,,,,,,9.682,current,current,,,,9.682
133405,,,,,,,9.686,current,current,,,,9.686
133313,,,,,,,9.688,current,current,,,,9.688
134127,,,,,,,9.7,current,current,,,,9.7
135058,,,,,,,9.705,current,current,,,,9.705
3734,,,,,,,9.705,current,current,,,,9.705
133693,,,,,,,9.708,current,current,,,,9.708
3368,,,,,,,9.716,current,current,,,,9.716
64405,,,,,,,9.721,current,current,,,,9.721
133678,,,,,,,9.727,current,current,,,,9.727
104802,,,,,,,9.736,current,current,,,,9.736
1905,,,,,,,9.737,current,current,,,,9.737
133448,,,,,,,9.738,current,current,,,,9.738
145001,,,,,,,9.738,current,current,,,,9.738
133534,,,,,,,9.74,current,current,,,,9.74
3327,,,,,,,9.744,current,current,,,,9.744
152001,,,,,,,9.748,current,current,,,,9.748
136911,,,,,,,9.751,current,current,,,,9.751
3176,,,,,,,9.765,current,current,,,,9.765
139801,,,,,,,9.78,current,current,,,,9.78
133666,,,,,,,9.801,current,current,,,,9.801
155048,,,,,,,9.801,current,current,,,,9.801
1255,0.58,0.18,0.24,11.05,,,9.808,current,current,,,,9.808
1890,,,,,,,9.819,current,current,,,,9.819
133354,,,,,,,9.833,current,current,,,,9.833
155007,,,,,,,9.863,current,current,,,,9.863
133608,,,,,,,9.866,current,current,,,,9.866
9404,,,,,,,9.867,current,current,,,,9.867
1963,,,,,,,9.876,current,current,,,,9.876
5088,,,,,,,9.882,current,current,,,,9.882
133723,,,,,,,9.884,current,current,,,,9.884
3984,,,,,,,9.89,current,current,,,,9.89
155083,,,,,,,9.891,current,current,,,,9.891
133544,,,,,,,9.893,current,current,,,,9.893
123002,,,,,,,9.897,current,current,,,,9.897
132203,,,,,,,9.898,current,current,,,,9.898
3325,,,,,,,9.901,current,current,,,,9.901
133698,,,,,,,9.905,current,current,,,,9.905
9354,,,,,,,9.908,current,current,,,,9.908
133461,,,,,,,9.915,current,current,,,,9.915
133494,,,,,,,9.937,current,current,,,,9.937
133592,,,,,,,9.938,current,current,,,,9.938
133546,,,,,,,9.939,current,current,,,,9.939
133472,,,,,,,9.945,current,current,,,,9.945
135037,,,,,,,9.948,current,current,,,,9.948
155075,,,,,,,9.964,current,current,,,,9.964
3972,,,,,,,9.964,current,current,,,,9.964
135015,,,,,,,9.965,current,current,,,,9.965
1909,,,,,,,9.972,current,current,,,,9.972
134192,,,,,,,9.975,current,current,,,,9.975
160031,,,,,,,9.981,current,current,,,,9.981
133663,,,,,,,9.984,current,current,,,,9.984
9311,,,,,,,9.985,current,current,,,,9.985
3138,,,,,,,9.987,current,current,,,,9.987
133794,,,,,,,9.989,current,current,,,,9.989
136803,,,,,,,9.998,current,current,,,,9.998
8934,,,,,,,9.999,current,current,,,,9.999
3659,,,,,,,10.006,current,current,,,,10.006
133638,,,,,,,10.017,current,current,,,,10.017
155099,,,,,,,10.021,current,current,,,,10.021
3352,,,,,,,10.023,current,current,,,,10.023
2588,,,,,,,10.028,current,current,,,,10.028
124401,,,,,,,10.036,current,current,,,,10.036
95805,,,,,,,10.055,current,current,,,,10.055
135072,,,,,,,10.057,current,current,,,,10.057
133272,,,,,,,10.08,current,current,,,,10.08
134151,,,,,,,10.087,current,current,,,,10.087
133266,,,,,,,10.089,current,current,,,,10.089
3358,,,,,,,10.093,current,current,,,,10.093
92203,,,,,,,10.111,current,current,,,,10.111
133706,,,,,,,10.113,current,current,,,,10.113
135059,,,,,,,10.115,current,current,,,,10.115
3815,,,,,,,10.126,current,current,,,,10.126
7324,,,,,,,10.129,current,current,,,,10.129
136805,,,,,,,10.14,current,current,,,,10.14
136912,,,,,,,10.142,current,current,,,,10.142
125617,,,,,,,10.148,current,current,,,,10.148
9378,,,,,,,10.157,current,current,,,,10.157
155137,,,,,,,10.158,current,current,,,,10.158
3155,,,,,,,10.16,current,current,,,,10.16
155110,,,,,,,10.168,current,current,,,,10.168
1270,0.0,0.23,0.77,12.19,,,10.174,current,current,,,,10.174
2250,,,,,,,10.185,current,current,,,,10.185
3339,,,,,,,10.188,current,current,,,,10.188
133599,,,,,,,10.192,current,current,,,,10.192
134004,,,,,,,10.204,current,current,,,,10.204
133304,,,,,,,10.211,current,current,,,,10.211
3722,,,,,,,10.213,current,current,,,,10.213
155020,,,,,,,10.231,current,current,,,,10.231
133306,,,,,,,10.232,current,current,,,,10.232
133299,,,,,,,10.238,current,current,,,,10.238
1914,,,,,,,10.243,current,current,,,,10.243
4214,,,,,,,10.243,current,current,,,,10.243
8079,,,,,,,10.249,current,current,,,,10.249
1261,0.16,0.07,0.77,10.44,,,10.254,current,current,,,,10.254
9424,,,,,,,10.268,current,current,,,,10.268
133790,,,,,,,10.277,current,current,,,,10.277
1834,,,,,,,10.28,current,current,,,,10.28
133274,,,,,,,10.285,current,current,,,,10.285
90401,,,,,,,10.285,current,current,,,,10.285
136915,,,,,,,10.287,current,current,,,,10.287
133460,,,,,,,10.289,current,current,,,,10.289
8662,,,,,,,10.291,current,current,,,,10.291
155129,,,,,,,10.294,current,current,,,,10.294
134141,,,,,,,10.298,current,current,,,,10.298
133386,,,,,,,10.3,current,current,,,,10.3
133641,,,,,,,10.303,current,current,,,,10.303
78602,,,,,,,10.312,current,current,,,,10.312
160027,,,,,,,10.313,current,current,,,,10.313
134162,,,,,,,10.319,current,current,,,,10.319
127001,,,,,,,10.325,current,current,,,,10.325
133376,,,,,,,10.342,current,current,,,,10.342
133268,,,,,,,10.346,current,current,,,,10.346
9318,,,,,,,10.356,current,current,,,,10.356
133738,,,,,,,10.363,current,current,,,,10.363
91401,,,,,,,10.367,current,current,,,,10.367
133620,,,,,,,10.376,current,current,,,,10.376
155088,,,,,,,10.386,current,current,,,,10.386
133696,,,,,,,10.39,current,current,,,,10.39
135043,,,,,,,10.393,current,current,,,,10.393
3410,,,,,,,10.396,current,current,,,,10.396
135033,,,,,,,10.408,current,current,,,,10.408
63802,,,,,,,10.409,current,current,,,,10.409
2828,,,,,,,10.414,current,current,,,,10.414
65603,,,,,,,10.421,current,current,,,,10.421
3836,,,,,,,10.428,current,current,,,,10.428
133715,,,,,,,10.437,current,current,,,,10.437
133507,,,,,,,10.439,current,current,,,,10.439
6417,,,,,,,10.444,current,current,,,,10.444
136939,,,,,,,10.446,current,current,,,,10.446
133720,,,,,,,10.448,current,current,,,,10.448
7283,,,,,,,10.461,current,current,,,,10.461
134120,,,,,,,10.468,current,current,,,,10.468
133609,,,,,,,10.479,current,current,,,,10.479
133473,,,,,,,10.483,current,current,,,,10.483
5017,,,,,,,10.49,current,current,,,,10.49
35804,,,,,,,10.494,current,current,,,,10.494
133564,,,,,,,10.495,current,current,,,,10.495
155044,,,,,,,10.495,current,current,,,,10.495
133400,,,,,,,10.498,current,current,,,,10.498
133496,,,,,,,10.511,current,current,,,,10.511
133298,,,,,,,10.516,current,current,,,,10.516
133477,,,,,,,10.522,current,current,,,,10.522
54403,,,,,,,10.522,current,current,,,,10.522
133568,,,,,,,10.531,current,current,,,,10.531
141801,,,,,,,10.531,current,current,,,,10.531
155111,,,,,,,10.537,current,current,,,,10.537
92201,,,,,,,10.541,current,current,,,,10.541
134036,,,,,,,10.548,current,current,,,,10.548
155010,,,,,,,10.549,current,current,,,,10.549
133305,,,,,,,10.554,current,current,,,,10.554
3158,,,,,,,10.562,current,current,,,,10.562
2326,,,,,,,10.564,current,current,,,,10.564
133210,,,,,,,10.57,current,current,,,,10.57
3802,,,,,,,10.581,current,current,,,,10.581
133541,,,,,,,10.587,current,current,,,,10.587
2711,,,,,,,10.587,current,current,,,,10.587
4216,,,,,,,10.588,current,current,,,,10.588
133732,,,,,,,10.594,current,current,,,,10.594
135009,,,,,,,10.6,current,current,,,,10.6
155095,,,,,,,10.603,current,current,,,,10.603
8932,,,,,,,10.613,current,current,,,,10.613
133453,,,,,,,10.625,current,current,,,,10.625
5042,,,,,,,10.634,current,current,,,,10.634
3445,,,,,,,10.639,current,current,,,,10.639
2206,,,,,,,10.655,current,current,,,,10.655
134058,,,,,,,10.669,current,current,,,,10.669
3739,,,,,,,10.674,current,current,,,,10.674
2738,,,,,,,10.711,current,current,,,,10.711
1779,0.92,0.0,0.08,18.5,,,10.713,current,current,,,,10.713
133407,,,,,,,10.715,current,current,,,,10.715
44002,,,,,,,10.715,current,current,,,,10.715
133340,,,,,,,10.72,current,current,,,,10.72
6467,,,,,,,10.72,current,current,,,,10.72
136904,,,,,,,10.724,current,current,,,,10.724
5097,,,,,,,10.727,current,current,,,,10.727
4168,,,,,,,10.734,current,current,,,,10.734
133227,,,,,,,10.735,current,current,,,,10.735
3318,,,,,,,10.749,current,current,,,,10.749
133786,,,,,,,10.751,current,current,,,,10.751
5002,,,,,,,10.754,current,current,,,,10.754
9748,,,,,,,10.755,current,current,,,,10.755
3725,,,,,,,10.756,current,current,,,,10.756
155112,,,,,,,10.758,current,current,,,,10.758
3411,,,,,,,10.76,current,current,,,,10.76
3132,,,,,,,10.764,current,current,,,,10.764
4224,,,,,,,10.77,current,current,,,,10.77
1835,,,,,,,10.773,current,current,,,,10.773
134064,,,,,,,10.776,current,current,,,,10.776
104005,,,,,,,10.78,current,current,,,,10.78
3146,,,,,,,10.781,current,current,,,,10.781
7079,,,,,,,10.781,current,current,,,,10.781
133293,,,,,,,10.789,current,current,,,,10.789
5027,,,,,,,10.789,current,current,,,,10.789
133591,,,,,,,10.794,current,current,,,,10.794
3332,,,,,,,10.795,current,current,,,,10.795
3171,,,,,,,10.798,current,current,,,,10.798
3341,,,,,,,10.799,current,current,,,,10.799
6452,,,,,,,10.803,current,current,,,,10.803
5087,,,,,,,10.814,current,current,,,,10.814
133475,,,,,,,10.816,current,current,,,,10.816
7609,,,,,,,10.823,current,current,,,,10.823
160413,,,,,,,10.843,current,current,,,,10.843
7192,,,,,,,10.845,current,current,,,,10.845
2749,,,,,,,10.847,current,current,,,,10.847
3348,,,,,,,10.854,current,current,,,,10.854
8214,,,,,,,10.862,current,current,,,,10.862
3221,,,,,,,10.863,current,current,,,,10.863
2235,,,,,,,10.865,current,current,,,,10.865
2451,,,,,,,10.872,current,current,,,,10.872
3967,,,,,,,10.881,current,current,,,,10.881
3446,,,,,,,10.886,current,current,,,,10.886
133575,,,,,,,10.889,current,current,,,,10.889
137002,,,,,,,10.895,current,current,,,,10.895
2610,,,,,,,10.907,current,current,,,,10.907
6406,,,,,,,10.907,current,current,,,,10.907
133411,,,,,,,10.92,current,current,,,,10.92
9313,,,,,,,10.925,current,current,,,,10.925
156401,,,,,,,10.928,current,current,,,,10.928
135055,,,,,,,10.929,current,current,,,,10.929
134153,,,,,,,10.95,current,current,,,,10.95
3328,,,,,,,10.951,current,current,,,,10.951
134179,,,,,,,10.956,current,current,,,,10.956
155054,,,,,,,10.962,current,current,,,,10.962
155094,,,,,,,10.962,current,current,,,,10.962
133295,,,,,,,10.965,current,current,,,,10.965
9321,,,,,,,10.967,current,current,,,,10.967
3364,,,,,,,10.971,current,current,,,,10.971
155135,,,,,,,10.986,current,current,,,,10.986
133342,,,,,,,10.995,current,current,,,,10.995
2300,,,,,,,11.006,current,current,,,,11.006
3256,,,,,,,11.011,current,current,,,,11.011
133282,,,,,,,11.015,current,current,,,,11.015
3338,,,,,,,11.015,current,current,,,,11.015
35403,,,,,,,11.034,current,current,,,,11.034
133603,,,,,,,11.037,current,current,,,,11.037
133396,,,,,,,11.04,current,current,,,,11.04
133728,,,,,,,11.042,current,current,,,,11.042
133471,,,,,,,11.047,current,current,,,,11.047
133784,,,,,,,11.051,current,current,,,,11.051
104001,,,,,,,11.053,current,current,,,,11.053
133650,,,,,,,11.053,current,current,,,,11.053
3351,,,,,,,11.058,current,current,,,,11.058
3651,,,,,,,11.059,current,current,,,,11.059
3205,,,,,,,11.066,current,current,,,,11.066
39208,,,,,,,11.074,current,current,,,,11.074
9516,,,,,,,11.079,current,current,,,,11.079
9812,,,,,,,11.085,current,current,,,,11.085
133748,,,,,,,11.1,current,current,,,,11.1
133332,,,,,,,11.108,current,current,,,,11.108
133468,,,,,,,11.11,current,current,,,,11.11
155055,,,,,,,11.119,current,current,,,,11.119
133425,,,,,,,11.12,current,current,,,,11.12
1916,,,,,,,11.134,current,current,,,,11.134
5073,,,,,,,11.134,current,current,,,,11.134
3222,,,,,,,11.136,current,current,,,,11.136
8727,,,,,,,11.136,current,current,,,,11.136
133573,,,,,,,11.139,current,current,,,,11.139
7323,,,,,,,11.171,current,current,,,,11.171
3165,,,,,,,11.178,current,current,,,,11.178
133352,,,,,,,11.193,current,current,,,,11.193
134157,,,,,,,11.195,current,current,,,,11.195
2608,,,,,,,11.197,current,current,,,,11.197
133610,,,,,,,11.204,current,current,,,,11.204
133780,,,,,,,11.207,current,current,,,,11.207
163223,,,,,,,11.214,current,current,,,,11.214
9509,,,,,,,11.235,current,current,,,,11.235
133642,,,,,,,11.24,current,current,,,,11.24
3449,,,,,,,11.244,current,current,,,,11.244
2649,,,,,,,11.25,current,current,,,,11.25
133526,,,,,,,11.252,current,current,,,,11.252
136801,,,,,,,11.259,current,current,,,,11.259
133636,,,,,,,11.264,current,current,,,,11.264
133565,,,,,,,11.268,current,current,,,,11.268
3714,,,,,,,11.274,current,current,,,,11.274
2685,,,,,,,11.275,current,current,,,,11.275
134189,,,,,,,11.281,current,current,,,,11.281
134188,,,,,,,11.284,current,current,,,,11.284
133680,,,,,,,11.286,current,current,,,,11.286
155123,,,,,,,11.288,current,current,,,,11.288
133519,,,,,,,11.29,current,current,,,,11.29
133277,,,,,,,11.291,current,current,,,,11.291
3329,,,,,,,11.291,current,current,,,,11.291
3336,,,,,,,11.302,current,current,,,,11.302
133712,,,,,,,11.306,current,current,,,,11.306
8174,,,,,,,11.309,current,current,,,,11.309
133528,,,,,,,11.312,current,current,,,,11.312
63803,,,,,,,11.327,current,current,,,,11.327
5041,,,,,,,11.335,current,current,,,,11.335
134184,,,,,,,11.337,current,current,,,,11.337
133297,,,,,,,11.34,current,current,,,,11.34
5024,,,,,,,11.346,current,current,,,,11.346
5056,,,,,,,11.348,current,current,,,,11.348
133645,,,,,,,11.351,current,current,,,,11.351
9753,,,,,,,11.364,current,current,,,,11.364
133574,,,,,,,11.382,current,current,,,,11.382
153001,,,,,,,11.394,current,current,,,,11.394
5061,,,,,,,11.395,current,current,,,,11.395
133682,,,,,,,11.404,current,current,,,,11.404
69401,,,,,,,11.414,current,current,,,,11.414
3839,,,,,,,11.415,current,current,,,,11.415
3179,,,,,,,11.421,current,current,,,,11.421
60604,,,,,,,11.431,current,current,,,,11.431
125605,,,,,,,11.436,current,current,,,,11.436
3217,,,,,,,11.436,current,current,,,,11.436
125647,,,,,,,11.439,current,current,,,,11.439
136807,,,,,,,11.448,current,current,,,,11.448
134121,,,,,,,11.464,current,current,,,,11.464
3363,,,,,,,11.466,current,current,,,,11.466
3314,,,,,,,11.467,current,current,,,,11.467
133252,,,,,,,11.483,current,current,,,,11.483
3743,,,,,,,11.487,current,current,,,,11.487
69201,,,,,,,11.488,current,current,,,,11.488
133632,,,,,,,11.498,current,current,,,,11.498
133393,,,,,,,11.501,current,current,,,,11.501
3177,,,,,,,11.501,current,current,,,,11.501
5026,,,,,,,11.501,current,current,,,,11.501
133228,,,,,,,11.512,current,current,,,,11.512
136926,,,,,,,11.524,current,current,,,,11.524
9041,,,,,,,11.526,current,current,,,,11.526
136920,,,,,,,11.528,current,current,,,,11.528
9086,,,,,,,11.534,current,current,,,,11.534
134125,,,,,,,11.548,current,current,,,,11.548
133242,,,,,,,11.551,current,current,,,,11.551
155051,,,,,,,11.558,current,current,,,,11.558
6423,,,,,,,11.571,current,current,,,,11.571
2668,,,,,,,11.574,current,current,,,,11.574
133225,,,,,,,11.576,current,current,,,,11.576
133798,,,,,,,11.581,current,current,,,,11.581
3143,,,,,,,11.594,current,current,,,,11.594
155033,,,,,,,11.601,current,current,,,,11.601
133498,,,,,,,11.607,current,current,,,,11.607
134147,,,,,,,11.619,current,current,,,,11.619
134178,,,,,,,11.622,current,current,,,,11.622
1920,,,,,,,11.625,current,current,,,,11.625
6446,,,,,,,11.639,current,current,,,,11.639
3342,,,,,,,11.646,current,current,,,,11.646
133710,,,,,,,11.652,current,current,,,,11.652
134060,,,,,,,11.662,current,current,,,,11.662
134134,,,,,,,11.662,current,current,,,,11.662
3173,,,,,,,11.663,current,current,,,,11.663
5040,,,,,,,11.663,current,current,,,,11.663
1254,0.35,0.3,0.35,14.88,,,11.67,current,current,,,,11.67
39206,,,,,,,11.673,current,current,,,,11.673
1897,,,,,,,11.697,current,current,,,,11.697
134163,,,,,,,11.7,current,current,,,,11.7
6465,,,,,,,11.719,current,current,,,,11.719
133441,,,,,,,11.723,current,current,,,,11.723
9319,,,,,,,11.725,current,current,,,,11.725
133229,,,,,,,11.732,current,current,,,,11.732
2223,,,,,,,11.735,current,current,,,,11.735
39601,,,,,,,11.747,current,current,,,,11.747
1895,,,,,,,11.749,current,current,,,,11.749
133718,,,,,,,11.768,current,current,,,,11.768
133785,,,,,,,11.77,current,current,,,,11.77
134045,,,,,,,11.776,current,current,,,,11.776
1957,,,,,,,11.779,current,current,,,,11.779
134164,,,,,,,11.792,current,current,,,,11.792
1864,,,,,,,11.795,current,current,,,,11.795
3452,,,,,,,11.822,current,current,,,,11.822
133631,,,,,,,11.823,current,current,,,,11.823
3811,,,,,,,11.831,current,current,,,,11.831
155047,,,,,,,11.832,current,current,,,,11.832
5035,,,,,,,11.833,current,current,,,,11.833
133367,,,,,,,11.834,current,current,,,,11.834
133613,,,,,,,11.836,current,current,,,,11.836
135025,,,,,,,11.839,current,current,,,,11.839
133294,,,,,,,11.841,current,current,,,,11.841
3317,,,,,,,11.846,current,current,,,,11.846
3230,,,,,,,11.856,current,current,,,,11.856
2615,,,,,,,11.861,current,current,,,,11.861
3319,,,,,,,11.87,current,current,,,,11.87
1888,,,,,,,11.871,current,current,,,,11.871
133255,,,,,,,11.887,current,current,,,,11.887
135047,,,,,,,11.892,current,current,,,,11.892
133545,,,,,,,11.893,current,current,,,,11.893
57403,,,,,,,11.9,current,current,,,,11.9
8903,,,,,,,11.901,current,current,,,,11.901
9521,,,,,,,11.905,current,current,,,,11.905
133571,,,,,,,11.909,current,current,,,,11.909
155015,,,,,,,11.919,current,current,,,,11.919
92405,,,,,,,11.922,current,current,,,,11.922
64404,,,,,,,11.927,current,current,,,,11.927
3797,,,,,,,11.933,current,current,,,,11.933
2165,,,,,,,11.942,current,current,,,,11.942
3208,,,,,,,11.947,current,current,,,,11.947
133756,,,,,,,11.954,current,current,,,,11.954
133273,,,,,,,11.959,current,current,,,,11.959
133796,,,,,,,11.962,current,current,,,,11.962
3808,,,,,,,11.964,current,current,,,,11.964
133338,,,,,,,11.965,current,current,,,,11.965
133627,,,,,,,11.966,current,current,,,,11.966
135027,,,,,,,11.967,current,current,,,,11.967
155108,,,,,,,11.97,current,current,,,,11.97
133805,,,,,,,11.977,current,current,,,,11.977
155056,,,,,,,11.983,current,current,,,,11.983
136938,,,,,,,11.991,current,current,,,,11.991
133667,,,,,,,11.994,current,current,,,,11.994
125604,,,,,,,11.999,current,current,,,,11.999
9338,,,,,,,12.002,current,current,,,,12.002
5055,,,,,,,12.012,current,current,,,,12.012
134170,,,,,,,12.016,current,current,,,,12.016
133690,,,,,,,12.022,current,current,,,,12.022
133465,,,,,,,12.029,current,current,,,,12.029
2092,,,,,,,12.043,current,current,,,,12.043
8794,,,,,,,12.044,current,current,,,,12.044
2741,,,,,,,12.05,current,current,,,,12.05
135016,,,,,,,12.053,current,current,,,,12.053
158601,,,,,,,12.058,current,current,,,,12.058
1823,,,,,,,12.061,current,current,,,,12.061
1874,,,,,,,12.109,current,current,,,,12.109
2613,,,,,,,12.111,current,current,,,,12.111
136940,,,,,,,12.12,current,current,,,,12.12
133721,,,,,,,12.126,current,current,,,,12.126
155100,,,,,,,12.135,current,current,,,,12.135
2873,,,,,,,12.142,current,current,,,,12.142
5094,,,,,,,12.146,current,current,,,,12.146
134075,,,,,,,12.15,current,current,,,,12.15
6429,,,,,,,12.153,current,current,,,,12.153
39402,,,,,,,12.154,current,current,,,,12.154
155012,,,,,,,12.182,current,current,,,,12.182
134146,,,,,,,12.186,current,current,,,,12.186
133793,,,,,,,12.193,current,current,,,,12.193
3312,,,,,,,12.196,current,current,,,,12.196
133567,,,,,,,12.198,current,current,,,,12.198
133450,,,,,,,12.2,current,current,,,,12.2
3212,,,,,,,12.201,current,current,,,,12.201
9426,,,,,,,12.201,current,current,,,,12.201
134180,,,,,,,12.203,current,current,,,,12.203
133451,,,,,,,12.205,current,current,,,,12.205
133659,,,,,,,12.211,current,current,,,,12.211
5034,,,,,,,12.212,current,current,,,,12.212
9353,,,,,,,12.215,current,current,,,,12.215
2660,,,,,,,12.219,current,current,,,,12.219
134122,,,,,,,12.221,current,current,,,,12.221
154401,,,,,,,12.226,current,current,,,,12.226
8935,,,,,,,12.227,current,current,,,,12.227
3961,,,,,,,12.249,current,current,,,,12.249
136880,,,,,,,12.258,current,current,,,,12.258
133350,,,,,,,12.26,current,current,,,,12.26
2602,,,,,,,12.264,current,current,,,,12.264
8664,,,,,,,12.28,current,current,,,,12.28
3372,,,,,,,12.287,current,current,,,,12.287
3401,,,,,,,12.299,current,current,,,,12.299
133523,,,,,,,12.314,current,current,,,,12.314
133675,,,,,,,12.316,current,current,,,,12.316
155027,,,,,,,12.318,current,current,,,,12.318
4161,,,,,,,12.321,current,current,,,,12.321
133602,,,,,,,12.322,current,current,,,,12.322
134053,,,,,,,12.323,current,current,,,,12.323
133809,,,,,,,12.33,current,current,,,,12.33
133357,,,,,,,12.332,current,current,,,,12.332
5030,,,,,,,12.34,current,current,,,,12.34
99602,,,,,,,12.341,current,current,,,,12.341
3457,,,,,,,12.345,current,current,,,,12.345
133470,,,,,,,12.347,current,current,,,,12.347
155002,,,,,,,12.347,current,current,,,,12.347
155070,,,,,,,12.363,current,current,,,,12.363
160022,,,,,,,12.366,current,current,,,,12.366
163623,,,,,,,12.367,current,current,,,,12.367
3357,,,,,,,12.374,current,current,,,,12.374
133309,,,,,,,12.377,current,current,,,,12.377
8160,,,,,,,12.385,current,current,,,,12.385
61001,,,,,,,12.397,current,current,,,,12.397
133292,,,,,,,12.405,current,current,,,,12.405
133547,,,,,,,12.407,current,current,,,,12.407
133584,,,,,,,12.41,current,current,,,,12.41
133751,,,,,,,12.419,current,current,,,,12.419
3394,,,,,,,12.425,current,current,,,,12.425
3054,,,,,HoltWinters,14.642,12.426,current,current,,,,12.426
3847,,,,,,,12.43,current,current,,,,12.43
3354,,,,,,,12.432,current,current,,,,12.432
9335,,,,,,,12.444,current,current,,,,12.444
133276,,,,,,,12.445,current,current,,,,12.445
133704,,,,,,,12.46,current,current,,,,12.46
5070,,,,,,,12.476,current,current,,,,12.476
155034,,,,,,,12.486,current,current,,,,12.486
133444,,,,,,,12.503,current,current,,,,12.503
134132,,,,,,,12.514,current,current,,,,12.514
160058,,,,,,,12.523,current,current,,,,12.523
3367,,,,,,,12.532,current,current,,,,12.532
3002,,,,,SARIMAX,14.641,12.534,current,current,,,,12.534
155058,,,,,,,12.544,current,current,,,,12.544
134009,,,,,,,12.548,current,current,,,,12.548
3740,,,,,,,12.549,current,current,,,,12.549
6431,,,,,,,12.55,current,current,,,,12.55
36004,,,,,,,12.554,current,current,,,,12.554
134143,,,,,,,12.564,current,current,,,,12.564
9745,,,,,,,12.566,current,current,,,,12.566
134135,,,,,,,12.571,current,current,,,,12.571
163625,,,,,,,12.572,current,current,,,,12.572
133433,,,,,,,12.575,current,current,,,,12.575
3213,,,,,,,12.58,current,current,,,,12.58
125615,,,,,,,12.593,current,current,,,,12.593
6428,,,,,,,12.599,current,current,,,,12.599
133455,,,,,,,12.602,current,current,,,,12.602
133474,,,,,,,12.607,current,current,,,,12.607
133359,,,,,,,12.608,current,current,,,,12.608
62404,,,,,,,12.608,current,current,,,,12.608
133640,,,,,,,12.613,current,current,,,,12.613
9245,,,,,,,12.625,current,current,,,,12.625
1827,,,,,,,12.627,current,current,,,,12.627
129004,,,,,,,12.635,current,current,,,,12.635
62801,,,,,,,12.641,current,current,,,,12.641
133700,,,,,,,12.642,current,current,,,,12.642
5045,,,,,,,12.651,current,current,,,,12.651
66209,,,,,,,12.663,current,current,,,,12.663
5226,,,,,,,12.672,current,current,,,,12.672
155022,,,,,,,12.679,current,current,,,,12.679
2707,,,,,,,12.693,current,current,,,,12.693
134176,,,,,,,12.698,current,current,,,,12.698
133660,,,,,,,12.713,current,current,,,,12.713
136853,,,,,,,12.714,current,current,,,,12.714
4171,,,,,,,12.717,current,current,,,,12.717
7426,,,,,,,12.719,current,current,,,,12.719
3399,,,,,,,12.726,current,current,,,,12.726
51601,,,,,,,12.731,current,current,,,,12.731
1121,0.0,0.04,0.96,16.2,,,12.737,current,current,,,,12.737
136902,,,,,,,12.74,current,current,,,,12.74
153812,,,,,,,12.741,current,current,,,,12.741
3373,,,,,,,12.75,current,current,,,,12.75
133671,,,,,,,12.804,current,current,,,,12.804
134011,,,,,,,12.812,current,current,,,,12.812
2750,,,,,,,12.819,current,current,,,,12.819
3337,,,,,,,12.819,current,current,,,,12.819
5031,,,,,,,12.82,current,current,,,,12.82
3596,,,,,,,12.821,current,current,,,,12.821
155030,,,,,,,12.825,current,current,,,,12.825
5052,,,,,,,12.832,current,current,,,,12.832
1783,0.95,0.0,0.05,16.68,,,12.851,current,current,,,,12.851
2202,,,,,,,12.862,current,current,,,,12.862
125611,,,,,,,12.88,current,current,,,,12.88
133454,,,,,,,12.891,current,current,,,,12.891
133577,,,,,,,12.896,current,current,,,,12.896
8796,,,,,,,12.902,current,current,,,,12.902
155014,,,,,,,12.906,current,current,,,,12.906
134183,,,,,,,12.911,current,current,,,,12.911
8750,,,,,,,12.912,current,current,,,,12.912
133754,,,,,,,12.917,current,current,,,,12.917
155079,,,,,,,12.922,current,current,,,,12.922
3451,,,,,,,12.924,current,current,,,,12.924
1904,,,,,,,12.926,current,current,,,,12.926
9049,,,,,,,12.927,current,current,,,,12.927
133378,,,,,,,12.931,current,current,,,,12.931
155082,,,,,,,12.947,current,current,,,,12.947
3400,,,,,,,12.949,current,current,,,,12.949
1876,,,,,,,12.962,current,current,,,,12.962
134035,,,,,,,12.97,current,current,,,,12.97
1837,,,,,,,12.973,current,current,,,,12.973
7146,,,,,,,12.977,current,current,,,,12.977
133265,,,,,,,13.017,current,current,,,,13.017
3540,,,,,,,13.032,current,current,,,,13.032
135068,,,,,,,13.036,current,current,,,,13.036
2604,,,,,,,13.058,current,current,,,,13.058
7141,,,,,,,13.059,current,current,,,,13.059
133383,,,,,,,13.066,current,current,,,,13.066
5089,,,,,,,13.069,current,current,,,,13.069
2200,,,,,,,13.075,current,current,,,,13.075
1906,,,,,,,13.076,current,current,,,,13.076
135020,,,,,,,13.08,current,current,,,,13.08
135040,,,,,,,13.094,current,current,,,,13.094
1257,1.0,0.0,0.0,19.34,,,13.095,current,current,,,,13.095
135023,,,,,,,13.096,current,current,,,,13.096
3361,,,,,,,13.107,current,current,,,,13.107
133365,,,,,,,13.115,current,current,,,,13.115
5050,,,,,,,13.127,current,current,,,,13.127
133703,,,,,,,13.141,current,current,,,,13.141
134167,,,,,,,13.142,current,current,,,,13.142
3366,,,,,,,13.145,current,current,,,,13.145
125662,,,,,,,13.153,current,current,,,,13.153
134057,,,,,,,13.156,current,current,,,,13.156
133558,,,,,,,13.158,current,current,,,,13.158
7314,,,,,,,13.166,current,current,,,,13.166
135002,,,,,,,13.169,current,current,,,,13.169
5038,,,,,,,13.174,current,current,,,,13.174
63604,,,,,,,13.177,current,current,,,,13.177
133782,,,,,,,13.178,current,current,,,,13.178
3447,,,,,,,13.179,current,current,,,,13.179
1917,,,,,,,13.182,current,current,,,,13.182
5057,,,,,,,13.194,current,current,,,,13.194
3730,,,,,,,13.198,current,current,,,,13.198
2616,,,,,,,13.199,current,current,,,,13.199
1859,,,,,,,13.219,current,current,,,,13.219
5076,,,,,,,13.22,current,current,,,,13.22
155028,,,,,,,13.222,current,current,,,,13.222
133358,,,,,,,13.224,current,current,,,,13.224
133802,,,,,,,13.238,current,current,,,,13.238
49212,,,,,,,13.25,current,current,,,,13.25
9316,,,,,,,13.252,current,current,,,,13.252
134043,,,,,,,13.274,current,current,,,,13.274
1846,,,,,,,13.287,current,current,,,,13.287
3741,,,,,,,13.29,current,current,,,,13.29
3781,,,,,,,13.298,current,current,,,,13.298
39207,,,,,,,13.298,current,current,,,,13.298
125620,,,,,,,13.321,current,current,,,,13.321
136897,,,,,,,13.325,current,current,,,,13.325
136931,,,,,,,13.326,current,current,,,,13.326
134076,,,,,,,13.328,current,current,,,,13.328
133341,,,,,,,13.329,current,current,,,,13.329
3822,,,,,,,13.338,current,current,,,,13.338
1910,,,,,,,13.347,current,current,,,,13.347
3455,,,,,,,13.347,current,current,,,,13.347
9379,,,,,,,13.347,current,current,,,,13.347
9325,,,,,,,13.349,current,current,,,,13.349
5091,,,,,,,13.354,current,current,,,,13.354
2150,,,,,,,13.356,current,current,,,,13.356
133348,,,,,,,13.365,current,current,,,,13.365
137001,,,,,,,13.366,current,current,,,,13.366
5009,,,,,,,13.383,current,current,,,,13.383
133275,,,,,,,13.395,current,current,,,,13.395
6480,,,,,,,13.398,current,current,,,,13.398
5079,,,,,,,13.401,current,current,,,,13.401
35001,,,,,,,13.403,current,current,,,,13.403
54402,,,,,,,13.409,current,current,,,,13.409
155077,,,,,,,13.411,current,current,,,,13.411
1960,,,,,,,13.412,current,current,,,,13.412
3424,,,,,,,13.425,current,current,,,,13.425
133540,,,,,,,13.428,current,current,,,,13.428
3320,,,,,,,13.456,current,current,,,,13.456
155078,,,,,,,13.463,current,current,,,,13.463
1785,0.0,0.39,0.61,17.68,,,13.465,current,current,,,,13.465
2147,,,,,,,13.485,current,current,,,,13.485
8911,,,,,,,13.497,current,current,,,,13.497
133370,,,,,,,13.505,current,current,,,,13.505
133452,,,,,,,13.507,current,current,,,,13.507
136941,,,,,,,13.53,current,current,,,,13.53
133456,,,,,,,13.534,current,current,,,,13.534
1997,,,,,,,13.558,current,current,,,,13.558
6422,,,,,,,13.564,current,current,,,,13.564
133246,,,,,,,13.585,current,current,,,,13.585
1954,,,,,,,13.591,current,current,,,,13.591
3356,,,,,,,13.594,current,current,,,,13.594
3313,,,,,,,13.597,current,current,,,,13.597
4260,,,,,,,13.612,current,current,,,,13.612
3660,,,,,,,13.617,current,current,,,,13.617
125609,,,,,,,13.618,current,current,,,,13.618
9724,,,,,,,13.619,current,current,,,,13.619
1798,0.27,0.0,0.73,14.98,,,13.624,current,current,,,,13.624
133222,,,,,,,13.627,current,current,,,,13.627
155060,,,,,,,13.634,current,current,,,,13.634
136813,,,,,,,13.639,current,current,,,,13.639
1894,,,,,,,13.642,current,current,,,,13.642
3645,,,,,,,13.651,current,current,,,,13.651
133637,,,,,,,13.655,current,current,,,,13.655
155096,,,,,,,13.658,current,current,,,,13.658
133752,,,,,,,13.673,current,current,,,,13.673
2177,,,,,,,13.678,current,current,,,,13.678
1875,,,,,,,13.679,current,current,,,,13.679
155087,,,,,,,13.681,current,current,,,,13.681
8901,,,,,,,13.686,current,current,,,,13.686
134021,,,,,,,13.691,current,current,,,,13.691
47401,,,,,,,13.691,current,current,,,,13.691
5047,,,,,,,13.696,current,current,,,,13.696
136936,,,,,,,13.698,current,current,,,,13.698
57601,,,,,,,13.698,current,current,,,,13.698
135038,,,,,,,13.713,current,current,,,,13.713
3215,,,,,,,13.735,current,current,,,,13.735
133517,,,,,,,13.745,current,current,,,,13.745
133319,,,,,,,13.75,current,current,,,,13.75
7286,,,,,,,13.769,current,current,,,,13.769
134037,,,,,,,13.774,current,current,,,,13.774
136930,,,,,,,13.776,current,current,,,,13.776
3412,,,,,,,13.777,current,current,,,,13.777
161801,,,,,,,13.815,current,current,,,,13.815
134068,,,,,,,13.816,current,current,,,,13.816
161201,,,,,,,13.827,current,current,,,,13.827
4318,,,,,,,13.827,current,current,,,,13.827
5081,,,,,,,13.834,current,current,,,,13.834
135070,,,,,,,13.846,current,current,,,,13.846
5001,,,,,,,13.848,current,current,,,,13.848
128201,,,,,,,13.86,current,current,,,,13.86
3207,,,,,,,13.865,current,current,,,,13.865
3139,,,,,,,13.867,current,current,,,,13.867
133506,,,,,,,13.879,current,current,,,,13.879
8698,,,,,,,13.886,current,current,,,,13.886
133394,,,,,,,13.888,current,current,,,,13.888
1789,0.28,0.09,0.63,26.34,,,13.895,current,current,,,,13.895
133791,,,,,,,13.898,current,current,,,,13.898
150210,,,,,,,13.898,current,current,,,,13.898
125603,,,,,,,13.902,current,current,,,,13.902
133808,,,,,,,13.911,current,current,,,,13.911
1900,,,,,,,13.921,current,current,,,,13.921
133611,,,,,,,13.929,current,current,,,,13.929
3397,,,,,,,13.939,current,current,,,,13.939
134014,,,,,,,13.948,current,current,,,,13.948
2118,,,,,,,13.948,current,current,,,,13.948
160037,,,,,,,13.958,current,current,,,,13.958
3393,,,,,,,13.971,current,current,,,,13.971
8747,,,,,,,13.978,current,current,,,,13.978
125610,,,,,,,13.98,current,current,,,,13.98
125618,,,,,,,13.981,current,current,,,,13.981
133607,,,,,,,13.983,current,current,,,,13.983
2654,,,,,,,13.989,current,current,,,,13.989
133618,,,,,,,14.008,current,current,,,,14.008
134029,,,,,,,14.014,current,current,,,,14.014
3545,,,,,,,14.014,current,current,,,,14.014
3159,,,,,,,14.026,current,current,,,,14.026
125638,,,,,,,14.046,current,current,,,,14.046
1884,,,,,,,14.047,current,current,,,,14.047
118601,,,,,,,14.053,current,current,,,,14.053
132002,,,,,,,14.07,current,current,,,,14.07
3831,,,,,,,14.075,current,current,,,,14.075
159202,,,,,,,14.079,current,current,,,,14.079
134156,,,,,,,14.088,current,current,,,,14.088
3658,,,,,,,14.089,current,current,,,,14.089
6421,,,,,,,14.109,current,current,,,,14.109
133668,,,,,,,14.121,current,current,,,,14.121
155018,,,,,,,14.121,current,current,,,,14.121
7067,,,,,,,14.131,current,current,,,,14.131
133533,,,,,,,14.135,current,current,,,,14.135
1809,0.0,0.31,0.69,56.6,,,14.136,current,current,,,,14.136
9342,,,,,,,14.157,current,current,,,,14.157
59002,,,,,,,14.167,current,current,,,,14.167
136937,,,,,,,14.182,current,current,,,,14.182
136910,,,,,,,14.183,current,current,,,,14.183
134201,,,,,,,14.188,current,current,,,,14.188
1861,,,,,,,14.191,current,current,,,,14.191
133615,,,,,,,14.194,current,current,,,,14.194
5093,,,,,,,14.198,current,current,,,,14.198
133260,,,,,,,14.202,current,current,,,,14.202
9430,,,,,,,14.21,current,current,,,,14.21
2614,,,,,,,14.214,current,current,,,,14.214
9040,,,,,,,14.216,current,current,,,,14.216
160025,,,,,,,14.217,current,current,,,,14.217
3154,,,,,,,14.219,current,current,,,,14.219
85001,,,,,,,14.221,current,current,,,,14.221
155032,,,,,,,14.224,current,current,,,,14.224
155042,,,,,,,14.227,current,current,,,,14.227
155039,,,,,,,14.243,current,current,,,,14.243
9309,,,,,,,14.261,current,current,,,,14.261
3715,,,,,,,14.27,current,current,,,,14.27
133781,,,,,,,14.295,current,current,,,,14.295
133345,,,,,,,14.315,current,current,,,,14.315
135054,,,,,,,14.319,current,current,,,,14.319
5099,,,,,,,14.33,current,current,,,,14.33
134034,,,,,,,14.337,current,current,,,,14.337
133410,,,,,,,14.359,current,current,,,,14.359
9465,,,,,,,14.363,current,current,,,,14.363
134169,,,,,,,14.365,current,current,,,,14.365
1885,,,,,,,14.37,current,current,,,,14.37
136906,,,,,,,14.385,current,current,,,,14.385
133213,,,,,,,14.39,current,current,,,,14.39
3462,,,,,,,14.39,current,current,,,,14.39
155090,,,,,,,14.399,current,current,,,,14.399
92403,,,,,,,14.401,current,current,,,,14.401
3152,,,,,,,14.41,current,current,,,,14.41
2153,,,,,,,14.416,current,current,,,,14.416
133763,,,,,,,14.42,current,current,,,,14.42
135053,,,,,,,14.422,current,current,,,,14.422
134072,,,,,,,14.43,current,current,,,,14.43
133401,,,,,,,14.445,current,current,,,,14.445
133604,,,,,,,14.446,current,current,,,,14.446
125619,,,,,,,14.454,current,current,,,,14.454
8697,,,,,,,14.459,current,current,,,,14.459
133346,,,,,,,14.465,current,current,,,,14.465
163624,,,,,,,14.487,current,current,,,,14.487
155081,,,,,,,14.492,current,current,,,,14.492
133335,,,,,,,14.498,current,current,,,,14.498
6426,,,,,,,14.512,current,current,,,,14.512
58201,,,,,,,14.526,current,current,,,,14.526
8782,,,,,,,14.528,current,current,,,,14.528
2674,,,,,,,14.534,current,current,,,,14.534
6420,,,,,,,14.558,current,current,,,,14.558
136875,,,,,,,14.575,current,current,,,,14.575
1862,,,,,,,14.59,current,current,,,,14.59
3827,,,,,,,14.603,current,current,,,,14.603
3156,,,,,,,14.615,current,current,,,,14.615
133440,,,,,,,14.639,current,current,,,,14.639
155128,,,,,,,14.647,current,current,,,,14.647
5039,,,,,,,14.654,current,current,,,,14.654
134017,,,,,,,14.655,current,current,,,,14.655
4172,,,,,,,14.656,current,current,,,,14.656
135051,,,,,,,14.657,current,current,,,,14.657
94005,,,,,,,14.661,current,current,,,,14.661
3148,,,,,,,14.662,current,current,,,,14.662
160068,,,,,,,14.672,current,current,,,,14.672
2875,,,,,,,14.69,current,current,,,,14.69
3220,,,,,,,14.707,current,current,,,,14.707
163224,,,,,,,14.727,current,current,,,,14.727
133240,,,,,,,14.732,current,current,,,,14.732
133783,,,,,,,14.757,current,current,,,,14.757
7339,,,,,,,14.766,current,current,,,,14.766
136814,,,,,,,14.781,current,current,,,,14.781
133625,,,,,,,14.811,current,current,,,,14.811
4208,,,,,,,14.814,current,current,,,,14.814
133476,,,,,,,14.845,current,current,,,,14.845
133764,,,,,,,14.867,current,current,,,,14.867
133489,,,,,,,14.87,current,current,,,,14.87
155017,,,,,,,14.905,current,current,,,,14.905
1893,,,,,,,14.912,current,current,,,,14.912
64403,,,,,,,14.934,current,current,,,,14.934
136907,,,,,,,14.953,current,current,,,,14.953
3443,,,,,,,14.959,current,current,,,,14.959
5085,,,,,,,14.968,current,current,,,,14.968
133719,,,,,,,14.977,current,current,,,,14.977
133789,,,,,,,14.983,current,current,,,,14.983
133215,,,,,,,14.994,current,current,,,,14.994
3360,,,,,,,15.001,current,current,,,,15.001
1978,,,,,,,15.007,current,current,,,,15.007
136810,,,,,,,15.01,current,current,,,,15.01
2246,,,,,,,15.015,current,current,,,,15.015
133807,,,,,,,15.017,current,current,,,,15.017
5005,,,,,,,15.019,current,current,,,,15.019
161203,,,,,,,15.05,current,current,,,,15.05
6419,,,,,,,15.053,current,current,,,,15.053
133760,,,,,,,15.058,current,current,,,,15.058
1992,,,,,,,15.118,current,current,,,,15.118
135030,,,,,,,15.123,current,current,,,,15.123
155130,,,,,,,15.138,current,current,,,,15.138
155093,,,,,,,15.147,current,current,,,,15.147
3216,,,,,,,15.147,current,current,,,,15.147
8663,,,,,,,15.164,current,current,,,,15.164
155003,,,,,,,15.175,current,current,,,,15.175
1941,,,,,,,15.184,current,current,,,,15.184
63603,,,,,,,15.186,current,current,,,,15.186
133725,,,,,,,15.187,current,current,,,,15.187
136876,,,,,,,15.197,current,current,,,,15.197
160023,,,,,,,15.197,current,current,,,,15.197
5007,,,,,,,15.209,current,current,,,,15.209
136603,,,,,,,15.212,current,current,,,,15.212
136602,,,,,,,15.223,current,current,,,,15.223
9746,,,,,,,15.228,current,current,,,,15.228
133716,,,,,,,15.238,current,current,,,,15.238
125655,,,,,,,15.241,current,current,,,,15.241
133206,,,,,,,15.243,current,current,,,,15.243
136815,,,,,,,15.254,current,current,,,,15.254
159203,,,,,,,15.259,current,current,,,,15.259
5104,,,,,,,15.278,current,current,,,,15.278
4169,,,,,,,15.287,current,current,,,,15.287
135031,,,,,,,15.321,current,current,,,,15.321
39201,,,,,,,15.327,current,current,,,,15.327
1883,,,,,,,15.336,current,current,,,,15.336
8996,,,,,,,15.345,current,current,,,,15.345
1921,,,,,,,15.368,current,current,,,,15.368
133486,,,,,,,15.374,current,current,,,,15.374
155004,,,,,,,15.376,current,current,,,,15.376
125649,,,,,,,15.383,current,current,,,,15.383
134197,,,,,,,15.388,current,current,,,,15.388
8729,,,,,,,15.395,current,current,,,,15.395
133483,,,,,,,15.414,current,current,,,,15.414
155037,,,,,,,15.421,current,current,,,,15.421
125613,,,,,,,15.429,current,current,,,,15.429
133554,,,,,,,15.433,current,current,,,,15.433
133755,,,,,,,15.433,current,current,,,,15.433
2664,,,,,,,15.434,current,current,,,,15.434
155016,,,,,,,15.439,current,current,,,,15.439
5016,,,,,,,15.441,current,current,,,,15.441
4178,,,,,,,15.457,current,current,,,,15.457
133353,,,,,,,15.472,current,current,,,,15.472
133377,,,,,,,15.474,current,current,,,,15.474
133714,,,,,,,15.505,current,current,,,,15.505
134026,,,,,,,15.507,current,current,,,,15.507
134047,,,,,,,15.51,current,current,,,,15.51
134003,,,,,,,15.516,current,current,,,,15.516
133553,,,,,,,15.552,current,current,,,,15.552
57401,,,,,,,15.556,current,current,,,,15.556
133525,,,,,,,15.568,current,current,,,,15.568
36001,,,,,,,15.572,current,current,,,,15.572
3355,,,,,,,15.578,current,current,,,,15.578
3379,,,,,,,15.614,current,current,,,,15.614
1973,,,,,,,15.641,current,current,,,,15.641
133285,,,,,,,15.67,current,current,,,,15.67
133514,,,,,,,15.672,current,current,,,,15.672
160062,,,,,,,15.69,current,current,,,,15.69
3818,,,,,,,15.692,current,current,,,,15.692
6482,,,,,,,15.707,current,current,,,,15.707
133208,,,,,,,15.714,current,current,,,,15.714
160045,,,,,,,15.728,current,current,,,,15.728
3415,,,,,,,15.739,current,current,,,,15.739
89802,,,,,,,15.745,current,current,,,,15.745
5065,,,,,,,15.749,current,current,,,,15.749
133713,,,,,,,15.752,current,current,,,,15.752
3756,,,,,,,15.768,current,current,,,,15.768
114401,,,,,,,15.79,current,current,,,,15.79
134194,,,,,,,15.798,current,current,,,,15.798
138001,,,,,,,15.811,current,current,,,,15.811
2447,,,,,,,15.857,current,current,,,,15.857
133249,,,,,,,15.868,current,current,,,,15.868
133792,,,,,,,15.869,current,current,,,,15.869
133434,,,,,,,15.899,current,current,,,,15.899
134177,,,,,,,15.908,current,current,,,,15.908
1831,,,,,,,15.931,current,current,,,,15.931
5013,,,,,,,15.939,current,current,,,,15.939
5000,,,,,,,15.949,current,current,,,,15.949
135029,,,,,,,15.968,current,current,,,,15.968
155080,,,,,,,15.98,current,current,,,,15.98
1880,,,,,,,15.984,current,current,,,,15.984
135022,,,,,,,15.985,current,current,,,,15.985
133343,,,,,,,15.993,current,current,,,,15.993
42601,,,,,,,15.993,current,current,,,,15.993
133787,,,,,,,16.007,current,current,,,,16.007
125632,,,,,,,16.044,current,current,,,,16.044
3141,,,,,,,16.056,current,current,,,,16.056
133351,,,,,,,16.095,current,current,,,,16.095
125650,,,,,,,16.1,current,current,,,,16.1
3748,,,,,,,16.103,current,current,,,,16.103
115003,,,,,,,16.114,current,current,,,,16.114
133557,,,,,,,16.122,current,current,,,,16.122
160074,,,,,,,16.127,current,current,,,,16.127
3765,,,,,,,16.159,current,current,,,,16.159
136909,,,,,,,16.164,current,current,,,,16.164
125636,,,,,,,16.166,current,current,,,,16.166
160008,,,,,,,16.171,current,current,,,,16.171
136901,,,,,,,16.192,current,current,,,,16.192
3844,,,,,,,16.212,current,current,,,,16.212
134071,,,,,,,16.214,current,current,,,,16.214
133711,,,,,,,16.229,current,current,,,,16.229
133749,,,,,,,16.232,current,current,,,,16.232
133235,,,,,,,16.236,current,current,,,,16.236
135017,,,,,,,16.239,current,current,,,,16.239
163407,,,,,,,16.255,current,current,,,,16.255
8734,,,,,,,16.28,current,current,,,,16.28
5068,,,,,,,16.291,current,current,,,,16.291
155133,,,,,,,16.308,current,current,,,,16.308
133248,,,,,,,16.315,current,current,,,,16.315
139202,,,,,,,16.328,current,current,,,,16.328
3745,,,,,,,16.328,current,current,,,,16.328
134002,,,,,,,16.339,current,current,,,,16.339
134059,,,,,,,16.339,current,current,,,,16.339
2263,,,,,,,16.339,current,current,,,,16.339
155085,,,,,,,16.342,current,current,,,,16.342
3425,,,,,,,16.343,current,current,,,,16.343
133771,,,,,,,16.354,current,current,,,,16.354
133250,,,,,,,16.36,current,current,,,,16.36
133314,,,,,,,16.363,current,current,,,,16.363
160020,,,,,,,16.365,current,current,,,,16.365
45204,,,,,,,16.37,current,current,,,,16.37
3605,,,,,,,16.373,current,current,,,,16.373
133606,,,,,,,16.387,current,current,,,,16.387
125668,,,,,,,16.391,current,current,,,,16.391
136811,,,,,,,16.392,current,current,,,,16.392
155076,,,,,,,16.415,current,current,,,,16.415
133707,,,,,,,16.431,current,current,,,,16.431
133436,,,,,,,16.449,current,current,,,,16.449
143602,,,,,,,16.458,current,current,,,,16.458
9337,,,,,,,16.5,current,current,,,,16.5
134150,,,,,,,16.504,current,current,,,,16.504
3843,,,,,,,16.539,current,current,,,,16.539
134067,,,,,,,16.56,current,current,,,,16.56
133399,,,,,,,16.561,current,current,,,,16.561
3150,,,,,,,16.569,current,current,,,,16.569
133812,,,,,,,16.577,current,current,,,,16.577
134069,,,,,,,16.578,current,current,,,,16.578
3326,,,,,,,16.6,current,current,,,,16.6
133582,,,,,,,16.61,current,current,,,,16.61
133744,,,,,,,16.636,current,current,,,,16.636
3172,,,,,,,16.658,current,current,,,,16.658
125623,,,,,,,16.676,current,current,,,,16.676
89402,,,,,,,16.677,current,current,,,,16.677
136916,,,,,,,16.679,current,current,,,,16.679
133768,,,,,,,16.684,current,current,,,,16.684
3374,,,,,,,16.701,current,current,,,,16.701
133770,,,,,,,16.708,current,current,,,,16.708
125641,,,,,,,16.724,current,current,,,,16.724
133321,,,,,,,16.756,current,current,,,,16.756
136922,,,,,,,16.759,current,current,,,,16.759
134126,,,,,,,16.764,current,current,,,,16.764
155097,,,,,,,16.768,current,current,,,,16.768
133336,,,,,,,16.819,current,current,,,,16.819
1275,0.42,0.14,0.44,17.19,,,16.829,current,current,,,,16.829
1919,,,,,,,16.868,current,current,,,,16.868
6435,,,,,,,16.873,current,current,,,,16.873
133739,,,,,,,16.877,current,current,,,,16.877
1867,,,,,,,16.877,current,current,,,,16.877
155053,,,,,,,16.881,current,current,,,,16.881
136802,,,,,,,16.89,current,current,,,,16.89
133245,,,,,,,16.91,current,current,,,,16.91
76802,,,,,,,16.931,current,current,,,,16.931
3395,,,,,,,16.936,current,current,,,,16.936
133288,,,,,,,16.948,current,current,,,,16.948
133322,,,,,,,16.994,current,current,,,,16.994
8754,,,,,,,17.002,current,current,,,,17.002
3349,,,,,,,17.016,current,current,,,,17.016
133676,,,,,,,17.082,current,current,,,,17.082
3365,,,,,,,17.084,current,current,,,,17.084
133735,,,,,,,17.096,current,current,,,,17.096
8742,,,,,,,17.096,current,current,,,,17.096
133733,,,,,,,17.114,current,current,,,,17.114
155031,,,,,,,17.122,current,current,,,,17.122
2735,,,,,,,17.144,current,current,,,,17.144
133437,,,,,,,17.146,current,current,,,,17.146
134174,,,,,,,17.17,current,current,,,,17.17
133349,,,,,,,17.171,current,current,,,,17.171
155119,,,,,,,17.171,current,current,,,,17.171
3454,,,,,,,17.177,current,current,,,,17.177
133241,,,,,,,17.194,current,current,,,,17.194
5044,,,,,,,17.21,current,current,,,,17.21
155107,,,,,,,17.219,current,current,,,,17.219
134044,,,,,,,17.224,current,current,,,,17.224
155052,,,,,,,17.224,current,current,,,,17.224
155074,,,,,,,17.26,current,current,,,,17.26
133777,,,,,,,17.274,current,current,,,,17.274
7064,,,,,,,17.289,current,current,,,,17.289
134173,,,,,,,17.293,current,current,,,,17.293
133237,,,,,,,17.339,current,current,,,,17.339
3276,,,,,,,17.353,current,current,,,,17.353
3985,,,,,,,17.353,current,current,,,,17.353
7126,,,,,,,17.358,current,current,,,,17.358
2266,,,,,,,17.363,current,current,,,,17.363
135039,,,,,,,17.372,current,current,,,,17.372
134148,,,,,,,17.379,current,current,,,,17.379
135028,,,,,,,17.41,current,current,,,,17.41
155050,,,,,,,17.413,current,current,,,,17.413
133495,,,,,,,17.447,current,current,,,,17.447
31401,,,,,,,17.453,current,current,,,,17.453
133209,,,,,,,17.46,current,current,,,,17.46
5078,,,,,,,17.464,current,current,,,,17.464
133612,,,,,,,17.467,current,current,,,,17.467
8159,,,,,,,17.477,current,current,,,,17.477
162622,,,,,,,17.486,current,current,,,,17.486
134048,,,,,,,17.509,current,current,,,,17.509
5102,,,,,,,17.515,current,current,,,,17.515
134024,,,,,,,17.533,current,current,,,,17.533
133548,,,,,,,17.536,current,current,,,,17.536
3145,,,,,,,17.549,current,current,,,,17.549
155011,,,,,,,17.55,current,current,,,,17.55
133697,,,,,,,17.574,current,current,,,,17.574
9511,,,,,,,17.585,current,current,,,,17.585
134022,,,,,,,17.6,current,current,,,,17.6
136872,,,,,,,17.644,current,current,,,,17.644
155066,,,,,,,17.665,current,current,,,,17.665
135026,,,,,,,17.671,current,current,,,,17.671
4219,,,,,,,17.68,current,current,,,,17.68
133759,,,,,,,17.695,current,current,,,,17.695
125669,,,,,,,17.712,current,current,,,,17.712
133481,,,,,,,17.713,current,current,,,,17.713
2248,,,,,,,17.731,current,current,,,,17.731
133621,,,,,,,17.742,current,current,,,,17.742
92401,,,,,,,17.744,current,current,,,,17.744
133478,,,,,,,17.75,current,current,,,,17.75
64601,,,,,,,17.796,current,current,,,,17.796
133402,,,,,,,17.826,current,current,,,,17.826
170004,,,,,,,17.845,current,current,,,,17.845
160005,,,,,,,17.849,current,current,,,,17.849
133257,,,,,,,17.873,current,current,,,,17.873
1898,,,,,,,17.898,current,current,,,,17.898
2729,,,,,,,17.911,current,current,,,,17.911
3986,,,,,,,17.918,current,current,,,,17.918
2302,,,,,,,17.941,current,current,,,,17.941
6448,,,,,,,17.942,current,current,,,,17.942
134041,,,,,,,17.975,current,current,,,,17.975
2243,,,,,,,17.984,current,current,,,,17.984
3247,,,,,,,17.995,current,current,,,,17.995
133316,,,,,,,18.0,current,current,,,,18.0
135036,,,,,,,18.116,current,current,,,,18.116
155026,,,,,,,18.121,current,current,,,,18.121
155059,,,,,,,18.123,current,current,,,,18.123
160061,,,,,,,18.134,current,current,,,,18.134
133327,,,,,,,18.139,current,current,,,,18.139
3767,,,,,,,18.154,current,current,,,,18.154
3848,,,,,,,18.162,current,current,,,,18.162
5008,,,,,,,18.18,current,current,,,,18.18
155019,,,,,,,18.182,current,current,,,,18.182
134065,,,,,,,18.184,current,current,,,,18.184
136905,,,,,,,18.22,current,current,,,,18.22
153810,,,,,,,18.225,current,current,,,,18.225
2603,,,,,,,18.307,current,current,,,,18.307
2322,,,,,,,18.328,current,current,,,,18.328
1863,,,,,,,18.342,current,current,,,,18.342
125634,,,,,,,18.345,current,current,,,,18.345
64801,,,,,,,18.362,current,current,,,,18.362
1964,,,,,,,18.364,current,current,,,,18.364
133442,,,,,,,18.384,current,current,,,,18.384
133804,,,,,,,18.386,current,current,,,,18.386
133757,,,,,,,18.395,current,current,,,,18.395
2211,,,,,,,18.467,current,current,,,,18.467
125616,,,,,,,18.473,current,current,,,,18.473
133774,,,,,,,18.484,current,current,,,,18.484
133239,,,,,,,18.489,current,current,,,,18.489
136877,,,,,,,18.493,current,current,,,,18.493
133484,,,,,,,18.51,current,current,,,,18.51
133207,,,,,,,18.518,current,current,,,,18.518
133490,,,,,,,18.523,current,current,,,,18.523
3495,,,,,,,18.539,current,current,,,,18.539
3359,,,,,,,18.553,current,current,,,,18.553
3322,,,,,,,18.57,current,current,,,,18.57
133223,,,,,,,18.58,current,current,,,,18.58
127802,,,,,,,18.588,current,current,,,,18.588
134054,,,,,,,18.623,current,current,,,,18.623
136917,,,,,,,18.635,current,current,,,,18.635
133449,,,,,,,18.694,current,current,,,,18.694
3849,,,,,,,18.697,current,current,,,,18.697
6481,,,,,,,18.71,current,current,,,,18.71
6443,,,,,,,18.744,current,current,,,,18.744
160034,,,,,,,18.786,current,current,,,,18.786
160071,,,,,,,18.842,current,current,,,,18.842
155073,,,,,,,18.9,current,current,,,,18.9
3832,,,,,,,18.918,current,current,,,,18.918
127003,,,,,,,18.935,current,current,,,,18.935
1911,,,,,,,18.967,current,current,,,,18.967
133531,,,,,,,19.054,current,current,,,,19.054
136921,,,,,,,19.067,current,current,,,,19.067
2874,,,,,,,19.068,current,current,,,,19.068
133600,,,,,,,19.094,current,current,,,,19.094
133539,,,,,,,19.142,current,current,,,,19.142
1810,0.3,0.46,0.24,21.39,,,19.149,current,current,,,,19.149
135032,,,,,,,19.179,current,current,,,,19.179
125629,,,,,,,19.216,current,current,,,,19.216
3819,,,,,,,19.226,current,current,,,,19.226
3763,,,,,,,19.23,current,current,,,,19.23
155024,,,,,,,19.267,current,current,,,,19.267
166002,,,,,,,19.267,current,current,,,,19.267
133289,,,,,,,19.276,current,current,,,,19.276
133337,,,,,,,19.298,current,current,,,,19.298
3962,,,,,,,19.303,current,current,,,,19.303
3634,,,,,,,19.336,current,current,,,,19.336
128801,,,,,,,19.344,current,current,,,,19.344
133230,,,,,,,19.437,current,current,,,,19.437
127801,,,,,,,19.441,current,current,,,,19.441
134042,,,,,,,19.461,current,current,,,,19.461
8181,,,,,,,19.591,current,current,,,,19.591
2271,,,,,,,19.603,current,current,,,,19.603
133331,,,,,,,19.625,current,current,,,,19.625
160035,,,,,,,19.644,current,current,,,,19.644
125639,,,,,,,19.656,current,current,,,,19.656
3140,,,,,,,19.682,current,current,,,,19.682
133269,,,,,,,19.692,current,current,,,,19.692
135046,,,,,,,19.694,current,current,,,,19.694
133308,,,,,,,19.843,current,current,,,,19.843
5095,,,,,,,19.863,current,current,,,,19.863
115002,,,,,,,19.865,current,current,,,,19.865
134142,,,,,,,19.897,current,current,,,,19.897
133758,,,,,,,19.905,current,current,,,,19.905
125644,,,,,,,19.912,current,current,,,,19.912
8907,,,,,,,19.913,current,current,,,,19.913
3137,,,,,,,19.947,current,current,,,,19.947
136806,,,,,,,19.965,current,current,,,,19.965
155103,,,,,,,19.982,current,current,,,,19.982
160051,,,,,,,20.082,current,current,,,,20.082
3133,,,,,,,20.083,current,current,,,,20.083
44001,,,,,,,20.097,current,current,,,,20.097
134062,,,,,,,20.187,current,current,,,,20.187
6394,,,,,,,20.289,current,current,,,,20.289
5082,,,,,,,20.331,current,current,,,,20.331
2136,,,,,,,20.429,current,current,,,,20.429
136809,,,,,,,20.43,current,current,,,,20.43
3396,,,,,,,20.451,current,current,,,,20.451
133492,,,,,,,20.523,current,current,,,,20.523
160414,,,,,,,20.536,current,current,,,,20.536
134190,,,,,,,20.558,current,current,,,,20.558
155046,,,,,,,20.659,current,current,,,,20.659
6438,,,,,,,20.714,current,current,,,,20.714
3841,,,,,,,20.731,current,current,,,,20.731
133708,,,,,,,20.749,current,current,,,,20.749
3543,,,,,,,20.753,current,current,,,,20.753
133518,,,,,,,20.755,current,current,,,,20.755
3343,,,,,,,20.759,current,current,,,,20.759
89601,,,,,,,20.759,current,current,,,,20.759
160007,,,,,,,20.795,current,current,,,,20.795
133462,,,,,,,20.896,current,current,,,,20.896
133649,,,,,,,20.925,current,current,,,,20.925
4173,,,,,,,20.946,current,current,,,,20.946
94403,,,,,,,20.954,current,current,,,,20.954
5071,,,,,,,20.967,current,current,,,,20.967
133488,,,,,,,21.042,current,current,,,,21.042
160065,,,,,,,21.042,current,current,,,,21.042
1943,,,,,,,21.042,current,current,,,,21.042
133480,,,,,,,21.056,current,current,,,,21.056
139201,,,,,,,21.059,current,current,,,,21.059
160048,,,,,,,21.087,current,current,,,,21.087
143001,,,,,,,21.088,current,current,,,,21.088
1948,,,,,,,21.112,current,current,,,,21.112
136927,,,,,,,21.321,current,current,,,,21.321
3504,,,,,,,21.362,current,current,,,,21.362
133485,,,,,,,21.417,current,current,,,,21.417
3807,,,,,,,21.44,current,current,,,,21.44
133303,,,,,,,21.442,current,current,,,,21.442
155008,,,,,,,21.443,current,current,,,,21.443
135008,,,,,,,21.466,current,current,,,,21.466
136908,,,,,,,21.476,current,current,,,,21.476
158401,,,,,,,21.524,current,current,,,,21.524
133212,,,,,,,21.531,current,current,,,,21.531
8738,,,,,,,21.533,current,current,,,,21.533
115007,,,,,,,21.59,current,current,,,,21.59
1873,,,,,,,21.647,current,current,,,,21.647
5058,,,,,,,21.649,current,current,,,,21.649
133709,,,,,,,21.696,current,current,,,,21.696
5224,,,,,,,21.768,current,current,,,,21.768
7608,,,,,,,21.776,current,current,,,,21.776
3168,,,,,,,21.814,current,current,,,,21.814
161802,,,,,,,21.843,current,current,,,,21.843
135010,,,,,,,21.854,current,current,,,,21.854
133509,,,,,,,21.855,current,current,,,,21.855
2548,,,,,,,21.855,current,current,,,,21.855
3430,,,,,,,21.872,current,current,,,,21.872
133238,,,,,,,21.91,current,current,,,,21.91
160064,,,,,,,21.957,current,current,,,,21.957
155086,,,,,,,21.981,current,current,,,,21.981
3957,,,,,,,21.982,current,current,,,,21.982
133368,,,,,,,22.041,current,current,,,,22.041
8933,,,,,,,22.114,current,current,,,,22.114
5020,,,,,,,22.135,current,current,,,,22.135
7147,,,,,,,22.151,current,current,,,,22.151
6424,,,,,,,22.16,current,current,,,,22.16
2717,,,,,,,22.224,current,current,,,,22.224
3309,,,,,,,22.277,current,current,,,,22.277
3842,,,,,,,22.298,current,current,,,,22.298
5063,,,,,,,22.304,current,current,,,,22.304
3189,,,,,,,22.376,current,current,,,,22.376
64406,,,,,,,22.388,current,current,,,,22.388
155109,,,,,,,22.461,current,current,,,,22.461
9304,,,,,,,22.468,current,current,,,,22.468
125602,,,,,,,22.476,current,current,,,,22.476
39602,,,,,,,22.486,current,current,,,,22.486
6425,,,,,,,22.588,current,current,,,,22.588
7439,,,,,,,22.608,current,current,,,,22.608
3760,,,,,,,22.617,current,current,,,,22.617
36002,,,,,,,22.63,current,current,,,,22.63
92404,,,,,,,22.676,current,current,,,,22.676
3431,,,,,,,22.736,current,current,,,,22.736
133542,,,,,,,22.877,current,current,,,,22.877
2452,,,,,,,23.154,current,current,,,,23.154
155091,,,,,,,23.168,current,current,,,,23.168
134199,,,,,,,23.181,current,current,,,,23.181
150402,,,,,,,23.195,current,current,,,,23.195
163403,,,,,,,23.286,current,current,,,,23.286
135007,,,,,,,23.322,current,current,,,,23.322
133779,,,,,,,23.382,current,current,,,,23.382
133543,,,,,,,23.48,current,current,,,,23.48
133464,,,,,,,23.503,current,current,,,,23.503
3321,,,,,,,23.579,current,current,,,,23.579
133380,,,,,,,23.582,current,current,,,,23.582
125631,,,,,,,23.636,current,current,,,,23.636
155102,,,,,,,23.69,current,current,,,,23.69
1908,,,,,,,23.691,current,current,,,,23.691
133324,,,,,,,23.793,current,current,,,,23.793
155061,,,,,,,23.877,current,current,,,,23.877
3142,,,,,,,23.889,current,current,,,,23.889
160046,,,,,,,23.914,current,current,,,,23.914
3323,,,,,,,23.961,current,current,,,,23.961
1751,0.25,0.19,0.56,30.73,,,24.102,current,current,,,,24.102
136879,,,,,,,24.115,current,current,,,,24.115
155041,,,,,,,24.132,current,current,,,,24.132
134185,,,,,,,24.167,current,current,,,,24.167
1882,,,,,,,24.2,current,current,,,,24.2
134020,,,,,,,24.201,current,current,,,,24.201
135003,,,,,,,24.208,current,current,,,,24.208
133469,,,,,,,24.22,current,current,,,,24.22
133301,,,,,,,24.229,current,current,,,,24.229
4174,,,,,,,24.315,current,current,,,,24.315
1907,,,,,,,24.367,current,current,,,,24.367
133439,,,,,,,24.443,current,current,,,,24.443
3375,,,,,,,24.562,current,current,,,,24.562
62405,,,,,,,24.633,current,current,,,,24.633
133778,,,,,,,24.64,current,current,,,,24.64
66202,,,,,,,24.676,current,current,,,,24.676
134074,,,,,,,24.7,current,current,,,,24.7
158201,,,,,,,24.704,current,current,,,,24.704
3987,,,,,,,24.742,current,current,,,,24.742
5069,,,,,,,24.901,current,current,,,,24.901
133750,,,,,,,24.912,current,current,,,,24.912
7144,,,,,,,24.913,current,current,,,,24.913
2905,,,,,HoltWinters,25.47,24.928,current,current,,,,24.928
2611,,,,,,,24.931,current,current,,,,24.931
1858,,,,,,,24.95,current,current,,,,24.95
7287,,,,,,,24.975,current,current,,,,24.975
3369,,,,,,,24.983,current,current,,,,24.983
2230,,,,,,,25.009,current,current,,,,25.009
134152,,,,,,,25.038,current,current,,,,25.038
134050,,,,,,,25.102,current,current,,,,25.102
1075,0.0,0.7,0.3,253.02,,,25.214,current,current,,,,25.214
4121,,,,,,,25.259,current,current,,,,25.259
133320,,,,,,,25.385,current,current,,,,25.385
134124,,,,,,,25.438,current,current,,,,25.438
1256,0.0,0.89,0.11,46.81,,,25.516,current,current,,,,25.516
5018,,,,,,,25.698,current,current,,,,25.698
171802,,,,,,,25.779,current,current,,,,25.779
135034,,,,,,,25.808,current,current,,,,25.808
2715,,,,,,,25.868,current,current,,,,25.868
155101,,,,,,,25.924,current,current,,,,25.924
4177,,,,,,,26.037,current,current,,,,26.037
160006,,,,,,,26.139,current,current,,,,26.139
133406,,,,,,,26.209,current,current,,,,26.209
133583,,,,,,,26.281,current,current,,,,26.281
170003,,,,,,,26.386,current,current,,,,26.386
133765,,,,,,,26.456,current,current,,,,26.456
160010,,,,,,,26.701,current,current,,,,26.701
133286,,,,,,,26.779,current,current,,,,26.779
83603,,,,,,,26.886,current,current,,,,26.886
1855,,,,,,,27.082,current,current,,,,27.082
133639,,,,,,,27.178,current,current,,,,27.178
7073,,,,,,,27.195,current,current,,,,27.195
163409,,,,,,,27.269,current,current,,,,27.269
133511,,,,,,,27.326,current,current,,,,27.326
160069,,,,,,,27.33,current,current,,,,27.33
163806,,,,,,,27.338,current,current,,,,27.338
3136,,,,,,,27.352,current,current,,,,27.352
165003,,,,,,,27.385,current,current,,,,27.385
8874,,,,,,,27.461,current,current,,,,27.461
92402,,,,,,,27.488,current,current,,,,27.488
134055,,,,,,,27.648,current,current,,,,27.648
8787,,,,,,,27.67,current,current,,,,27.67
60002,,,,,,,27.829,current,current,,,,27.829
3456,,,,,,,28.096,current,current,,,,28.096
133493,,,,,,,28.297,current,current,,,,28.297
8958,,,,,,,28.401,current,current,,,,28.401
125657,,,,,,,28.55,current,current,,,,28.55
133214,,,,,,,28.558,current,current,,,,28.558
3275,,,,,,,28.567,current,current,,,,28.567
3174,,,,,,,28.608,current,current,,,,28.608
1915,,,,,,,28.733,current,current,,,,28.733
3853,,,,,,,28.929,current,current,,,,28.929
9385,,,,,,,28.996,current,current,,,,28.996
165004,,,,,,,29.32,current,current,,,,29.32
133499,,,,,,,29.338,current,current,,,,29.338
160028,,,,,,,29.446,current,current,,,,29.446
167601,,,,,,,29.632,current,current,,,,29.632
160040,,,,,,,29.875,current,current,,,,29.875
5028,,,,,,,30.023,current,current,,,,30.023
9334,,,,,,,30.079,current,current,,,,30.079
133344,,,,,,,30.251,current,current,,,,30.251
125656,,,,,,,30.313,current,current,,,,30.313
136878,,,,,,,30.651,current,current,,,,30.651
133318,,,,,,,30.826,current,current,,,,30.826
133769,,,,,,,30.989,current,current,,,,30.989
133810,,,,,,,31.11,current,current,,,,31.11
8308,,,,,,,31.143,current,current,,,,31.143
9075,,,,,,,31.189,current,current,,,,31.189
134159,,,,,,,31.234,current,current,,,,31.234
3981,,,,,,,31.305,current,current,,,,31.305
3218,,,,,,,31.499,current,current,,,,31.499
9314,,,,,,,31.679,current,current,,,,31.679
8654,,,,,,,31.727,current,current,,,,31.727
163805,,,,,,,31.794,current,current,,,,31.794
155121,,,,,,,31.885,current,current,,,,31.885
134131,,,,,,,32.042,current,current,,,,32.042
9310,,,,,,,32.046,current,current,,,,32.046
133806,,,,,,,32.346,current,current,,,,32.346
3381,,,,,,,32.416,current,current,,,,32.416
160012,,,,,,,32.463,current,current,,,,32.463
3441,,,,,,,32.557,current,current,,,,32.557
3408,,,,,,,32.583,current,current,,,,32.583
1891,,,,,,,32.988,current,current,,,,32.988
7061,,,,,,,33.197,current,current,,,,33.197
3544,,,,,,,33.208,current,current,,,,33.208
3498,,,,,,,33.655,current,current,,,,33.655
135018,,,,,,,33.656,current,current,,,,33.656
2190,,,,,,,33.942,current,current,,,,33.942
134171,,,,,,,33.946,current,current,,,,33.946
39202,,,,,,,34.277,current,current,,,,34.277
3865,,,,,,,34.787,current,current,,,,34.787
160070,,,,,,,34.91,current,current,,,,34.91
133811,,,,,,,35.124,current,current,,,,35.124
135049,,,,,,,35.332,current,current,,,,35.332
1935,,,,,,,35.448,current,current,,,,35.448
64402,,,,,,,36.149,current,current,,,,36.149
155120,,,,,,,36.168,current,current,,,,36.168
135056,,,,,,,36.383,current,current,,,,36.383
133535,,,,,,,36.404,current,current,,,,36.404
133550,,,,,,,36.483,current,current,,,,36.483
133799,,,,,,,36.611,current,current,,,,36.611
160043,,,,,,,36.706,current,current,,,,36.706
1956,,,,,,,36.731,current,current,,,,36.731
133813,,,,,,,36.802,current,current,,,,36.802
8731,,,,,,,36.895,current,current,,,,36.895
134063,,,,,,,36.904,current,current,,,,36.904
163405,,,,,,,37.037,current,current,,,,37.037
163406,,,,,,,37.174,current,current,,,,37.174
155122,,,,,,,37.345,current,current,,,,37.345
3941,,,,,,,37.514,current,current,,,,37.514
133572,,,,,,,37.618,current,current,,,,37.618
3389,,,,,,,37.801,current,current,,,,37.801
160042,,,,,,,38.324,current,current,,,,38.324
168201,,,,,,,38.859,current,current,,,,38.859
1079,1.0,0.0,0.0,90.7,,,38.912,current,current,,,,38.912
135075,,,,,,,38.984,current,current,,,,38.984
3442,,,,,,,39.166,current,current,,,,39.166
133287,,,,,,,39.202,current,current,,,,39.202
2662,,,,,,,39.248,current,current,,,,39.248
133726,,,,,,,39.289,current,current,,,,39.289
136808,,,,,,,39.621,current,current,,,,39.621
1845,,,,,,,40.012,current,current,,,,40.012
150601,,,,,,,40.178,current,current,,,,40.178
6450,,,,,,,40.287,current,current,,,,40.287
163408,,,,,,,40.338,current,current,,,,40.338
133385,,,,,,,40.477,current,current,,,,40.477
135041,,,,,,,40.504,current,current,,,,40.504
133487,,,,,,,40.613,current,current,,,,40.613
133724,,,,,,,40.739,current,current,,,,40.739
7172,,,,,,,41.093,current,current,,,,41.093
3759,,,,,,,41.107,current,current,,,,41.107
134155,,,,,,,41.714,current,current,,,,41.714
2195,,,,,,,42.19,current,current,,,,42.19
133463,,,,,,,42.596,current,current,,,,42.596
91802,,,,,,,42.691,current,current,,,,42.691
2155,,,,,,,42.694,current,current,,,,42.694
133328,,,,,,,42.893,current,current,,,,42.893
3311,,,,,,,43.522,current,current,,,,43.522
160049,,,,,,,43.887,current,current,,,,43.887
135024,,,,,,,43.951,current,current,,,,43.951
134040,,,,,,,46.223,current,current,,,,46.223
8741,,,,,,,46.715,current,current,,,,46.715
155009,,,,,,,46.768,current,current,,,,46.768
133244,,,,,,,46.854,current,current,,,,46.854
64401,,,,,,,47.54,current,current,,,,47.54
160019,,,,,,,49.124,current,current,,,,49.124
133501,,,,,,,50.082,current,current,,,,50.082
133536,,,,,,,50.229,current,current,,,,50.229
2285,,,,,,,51.179,current,current,,,,51.179
133479,,,,,,,51.398,current,current,,,,51.398
155127,,,,,,,52.222,current,current,,,,52.222
8740,,,,,,,52.449,current,current,,,,52.449
169013,,,,,,,56.189,current,current,,,,56.189
134061,,,,,,,56.745,current,current,,,,56.745
2606,,,,,,,58.352,current,current,,,,58.352
169014,,,,,,,59.08,current,current,,,,59.08
166003,,,,,,,60.294,current,current,,,,60.294
133253,,,,,,,60.799,current,current,,,,60.799
160056,,,,,,,61.504,current,current,,,,61.504
155126,,,,,,,63.324,current,current,,,,63.324
2546,,,,,,,63.433,current,current,,,,63.433
134039,,,,,,,63.847,current,current,,,,63.847
133364,,,,,,,64.182,current,current,,,,64.182
2648,,,,,,,64.187,current,current,,,,64.187
134073,,,,,,,64.236,current,current,,,,64.236
3511,,,,,,,64.381,current,current,,,,64.381
165610,,,,,,,64.781,current,current,,,,64.781
133387,,,,,,,65.289,current,current,,,,65.289
5075,,,,,,,65.368,current,current,,,,65.368
133522,,,,,,,65.903,current,current,,,,65.903
163410,,,,,,,66.909,current,current,,,,66.909
135801,,,,,,,67.278,current,current,,,,67.278
134007,,,,,,,67.388,current,current,,,,67.388
160052,,,,,,,69.722,current,current,,,,69.722
131803,,,,,,,70.449,current,current,,,,70.449
160050,,,,,,,70.732,current,current,,,,70.732
133271,,,,,,,71.373,current,current,,,,71.373
134160,,,,,,,74.632,current,current,,,,74.632
133388,,,,,,,77.077,current,current,,,,77.077
133482,,,,,,,77.238,current,current,,,,77.238
133510,,,,,,,79.875,current,current,,,,79.875
168202,,,,,,,80.67,current,current,,,,80.67
39606,,,,,,,80.757,current,current,,,,80.757
134015,,,,,,,82.388,current,current,,,,82.388
2193,,,,,,,83.6,current,current,,,,83.6
133363,,,,,,,85.109,current,current,,,,85.109
6458,,,,,,,86.779,current,current,,,,86.779
135042,,,,,,,88.044,current,current,,,,88.044
2287,,,,,,,88.687,current,current,,,,88.687
2307,,,,,,,94.64,current,current,,,,94.64
133740,,,,,,,97.964,current,current,,,,97.964
125614,,,,,,,101.778,current,current,,,,101.778
135011,,,,,,,103.367,current,current,,,,103.367
3804,,,,,,,103.786,current,current,,,,103.786
133284,,,,,,,107.786,current,current,,,,107.786
133447,,,,,,,117.518,current,current,,,,117.518
133520,,,,,,,118.045,current,current,,,,118.045
133361,,,,,,,121.43,current,current,,,,121.43
5023,,,,,,,124.041,current,current,,,,124.041
134123,,,,,,,132.913,current,current,,,,132.913
134144,,,,,,,133.668,current,current,,,,133.668
133662,,,,,,,134.285,current,current,,,,134.285
135012,,,,,,,147.424,current,current,,,,147.424
62201,,,,,,,158.712,current,current,,,,158.712
134128,,,,,,,164.483,current,current,,,,164.483
3821,,,,,,,168.946,current,current,,,,168.946
134001,,,,,,,170.845,current,current,,,,170.845
135802,,,,,,,174.584,current,current,,,,174.584
133736,,,,,,,186.432,current,current,,,,186.432
165212,,,,,,,192.174,current,current,,,,192.174
5059,,,,,,,210.382,current,current,,,,210.382
62403,,,,,,,214.445,current,current,,,,214.445
134140,,,,,,,225.302,current,current,,,,225.302
155089,,,,,,,234.492,current,current,,,,234.492
160041,,,,,,,240.324,current,current,,,,240.324
90001,,,,,,,241.638,current,current,,,,241.638
133549,,,,,,,296.262,current,current,,,,296.262
134154,,,,,,,299.44,current,current,,,,299.44
157601,,,,,,,303.331,current,current,,,,303.331
6433,,,,,,,306.032,current,current,,,,306.032
9241,,,,,,,310.725,current,current,,,,310.725
134133,,,,,,,315.933,current,current,,,,315.933
3803,,,,,,,322.945,current,current,,,,322.945
124002,,,,,,,338.31,current,current,,,,338.31
2301,,,,,,,373.27,current,current,,,,373.27
3161,,,,,,,374.709,current,current,,,,374.709
83602,,,,,,,375.315,current,current,,,,375.315
133761,,,,,,,375.704,current,current,,,,375.704
135006,,,,,,,391.334,current,current,,,,391.334
155136,,,,,,,415.595,current,current,,,,415.595
2726,,,,,,,448.299,current,current,,,,448.299
9719,,,,,,,530.448,current,current,,,,530.448
160067,,,,,,,552.055,current,current,,,,552.055
155065,,,,,,,576.514,current,current,,,,576.514
2651,,,,,,,591.272,current,current,,,,591.272
155104,,,,,,,668.846,current,current,,,,668.846
133426,,,,,,,681.793,current,current,,,,681.793
125628,,,,,,,746.646,current,current,,,,746.646
3824,,,,,,,846.806,current,current,,,,846.806
1856,,,,,,,874.905,current,current,,,,874.905
160014,,,,,,,932.205,current,current,,,,932.205
125622,,,,,,,1016.066,current,current,,,,1016.066
160033,,,,,,,1051.913,current,current,,,,1051.913
9244,,,,,,,1083.84,current,current,,,,1083.84
5072,,,,,,,1216.028,current,current,,,,1216.028
7066,,,,,,,1417.932,current,current,,,,1417.932
6418,,,,,,,1506.371,current,current,,,,1506.371
133695,,,,,,,1966.257,current,current,,,,1966.257
134049,,,,,,,2103.352,current,current,,,,2103.352
9339,,,,,,,2228.791,current,current,,,,2228.791
125627,,,,,,,3383.797,current,current,,,,3383.797
125621,,,,,,,4982.584,current,current,,,,4982.584
160059,,,,,,,10166.235,current,current,,,,10166.235
3160,,,,,,,15644.115,current,current,,,,15644.115
2886,,,,,RandomForest,3.521,10.166,ml,RandomForest,,,,3.521
2880,,,,,HoltWinters,3.81,12.947,ml,HoltWinters,,,,3.81
2896,,,,,HoltWinters,3.864,9.491,ml,HoltWinters,,,,3.864
3062,,,,,HoltWinters,4.184,10.649,ml,HoltWinters,,,,4.184
2890,,,,,HoltWinters,4.393,7.74,ml,HoltWinters,,,,4.393
3063,,,,,HoltWinters,4.527,8.973,ml,HoltWinters,,,,4.527
3126,,,,,RandomForest,4.821,9.74,ml,RandomForest,,,,4.821
3056,,,,,HoltWinters,5.317,19.444,ml,HoltWinters,,,,5.317
3127,,,,,SARIMAX,5.36,9.129,ml,SARIMAX,,,,5.36
3008,,,,,HoltWinters,5.404,8.964,ml,HoltWinters,,,,5.404
2993,,,,,RandomForest,5.574,12.148,ml,RandomForest,,,,5.574
2911,,,,,RandomForest,5.63,9.874,ml,RandomForest,,,,5.63
3009,,,,,SARIMAX,5.653,12.509,ml,SARIMAX,,,,5.653
2996,,,,,SARIMAX,5.786,13.311,ml,SARIMAX,,,,5.786
2887,,,,,HoltWinters,5.806,10.472,ml,HoltWinters,,,,5.806
2910,,,,,HoltWinters,5.892,11.912,ml,HoltWinters,,,,5.892
2879,,,,,HoltWinters,5.963,9.533,ml,HoltWinters,,,,5.963
2891,,,,,SARIMAX,6.102,12.3,ml,SARIMAX,,,,6.102
2909,,,,,SARIMAX,6.147,14.099,ml,SARIMAX,,,,6.147
2988,,,,,SARIMAX,6.161,19.859,ml,SARIMAX,,,,6.161
3011,,,,,HoltWinters,6.199,22.579,ml,HoltWinters,,,,6.199
2997,,,,,HoltWinters,6.353,11.258,ml,HoltWinters,,,,6.353
2912,,,,,HoltWinters,6.478,8.992,ml,HoltWinters,,,,6.478
2903,,,,,HoltWinters,6.481,9.892,ml,HoltWinters,,,,6.481
2904,,,,,RandomForest,6.583,24.286,ml,RandomForest,,,,6.583
2894,,,,,HoltWinters,6.633,11.563,ml,HoltWinters,,,,6.633
3024,,,,,RandomForest,6.648,10.91,ml,RandomForest,,,,6.648
2889,,,,,SARIMAX,6.679,21.371,ml,SARIMAX,,,,6.679
3049,,,,,HoltWinters,6.683,10.666,ml,HoltWinters,,,,6.683
3067,,,,,RandomForest,6.688,,ml,RandomForest,,,,6.688
3066,,,,,RandomForest,6.719,19.275,ml,RandomForest,,,,6.719
2882,,,,,RandomForest,6.839,16.461,ml,RandomForest,,,,6.839
2888,,,,,SARIMAX,6.916,9.763,ml,SARIMAX,,,,6.916
2892,,,,,RandomForest,6.966,14.178,ml,RandomForest,,,,6.966
3048,,,,,SARIMAX,6.983,16.197,ml,SARIMAX,,,,6.983
3065,,,,,SARIMAX,7.078,,ml,SARIMAX,,,,7.078
2994,,,,,SARIMAX,7.193,11.144,ml,SARIMAX,,,,7.193
2908,,,,,SARIMAX,7.208,11.039,ml,SARIMAX,,,,7.208
2998,,,,,RandomForest,7.225,10.351,ml,RandomForest,,,,7.225
2902,,,,,RandomForest,7.33,12.898,ml,RandomForest,,,,7.33
3128,,,,,RandomForest,7.565,,ml,RandomForest,,,,7.565
3129,,,,,HoltWinters,7.628,14.639,ml,HoltWinters,,,,7.628
2987,,,,,RandomForest,7.809,13.234,ml,RandomForest,,,,7.809
2999,,,,,HoltWinters,7.856,21.372,ml,HoltWinters,,,,7.856
2877,,,,,RandomForest,8.036,9.652,ml,RandomForest,,,,8.036
3031,,,,,RandomForest,8.316,,ml,RandomForest,,,,8.316
2930,,,,,SARIMAX,8.318,12.186,ml,SARIMAX,,,,8.318
3060,,,,,RandomForest,8.361,18.616,ml,RandomForest,,,,8.361
2883,,,,,HoltWinters,8.632,14.795,ml,HoltWinters,,,,8.632
3064,,,,,HoltWinters,8.661,10.925,ml,HoltWinters,,,,8.661
3023,,,,,HoltWinters,8.85,23.41,ml,HoltWinters,,,,8.85
2906,,,,,RandomForest,9.141,15.773,ml,RandomForest,,,,9.141
2900,,,,,HoltWinters,9.157,13.6,ml,HoltWinters,,,,9.157
3059,,,,,HoltWinters,9.188,19.397,ml,HoltWinters,,,,9.188
2992,,,,,SARIMAX,9.277,1329.77,ml,SARIMAX,,,,9.277
3124,,,,,RandomForest,9.636,20.145,ml,RandomForest,,,,9.636
2895,,,,,RandomForest,9.774,,ml,RandomForest,,,,9.774
3007,,,,,SARIMAX,9.846,34.581,ml,SARIMAX,,,,9.846
2907,,,,,RandomForest,9.863,11.522,ml,RandomForest,,,,9.863
2995,,,,,RandomForest,10.109,19.597,ml,RandomForest,,,,10.109
3000,,,,,SARIMAX,10.71,11.455,ml,SARIMAX,,,,10.71
3057,,,,,SARIMAX,11.574,11.811,ml,SARIMAX,,,,11.574
2982,,,,,SARIMAX,12.326,14.802,ml,SARIMAX,,,,12.326
2901,,,,,HoltWinters,12.342,26.631,ml,HoltWinters,,,,12.342
3052,,,,,RandomForest,12.695,16.291,ml,RandomForest,,,,12.695
3050,,,,,SARIMAX,13.722,14.697,ml,SARIMAX,,,,13.722
3006,,,,,SARIMAX,14.89,14.925,ml,SARIMAX,,,,14.89
3004,,,,,HoltWinters,15.563,15.736,ml,HoltWinters,,,,15.563
3125,,,,,RandomForest,19.363,33.18,ml,RandomForest,,,,19.363
2899,,,,,HoltWinters,20.206,36.575,ml,HoltWinters,,,,20.206
2893,,,,,SARIMAX,28.502,122.688,ml,SARIMAX,,,,28.502
3055,,,,,SARIMAX,37.002,,ml,SARIMAX,,,,37.002
1060,0.08,0.0,0.92,6.56,,,7.182,weights, ,0.08,0.0,0.92,6.56
1756,0.02,0.09,0.89,6.56,,,8.715,weights, ,0.02,0.09,0.89,6.56
1781,0.03,0.01,0.96,6.93,,,8.531,weights, ,0.03,0.01,0.96,6.93
1110,0.03,0.0,0.97,7.15,,,9.691,weights, ,0.03,0.0,0.97,7.15
1101,0.06,0.02,0.92,7.26,,,9.168,weights, ,0.06,0.02,0.92,7.26
1062,0.11,0.03,0.86,7.42,,,8.446,weights, ,0.11,0.03,0.86,7.42
1106,0.04,0.0,0.96,7.56,,,8.633,weights, ,0.04,0.0,0.96,7.56
1279,0.55,0.04,0.41,7.56,,,8.982,weights, ,0.55,0.04,0.41,7.56
1114,0.02,0.14,0.84,7.77,,,,weights, ,0.02,0.14,0.84,7.77
1104,0.04,0.03,0.93,7.79,,,10.42,weights, ,0.04,0.03,0.93,7.79
1777,0.1,0.06,0.84,7.82,,,9.325,weights, ,0.1,0.06,0.84,7.82
1084,0.13,0.03,0.84,8.0,,,9.694,weights, ,0.13,0.03,0.84,8.0
1105,0.1,0.07,0.83,8.49,,,,weights, ,0.1,0.07,0.83,8.49
1768,0.15,0.05,0.8,8.57,,,,weights, ,0.15,0.05,0.8,8.57
1064,0.07,0.08,0.85,8.79,,,11.542,weights, ,0.07,0.08,0.85,8.79
1066,0.07,0.0,0.93,8.9,,,9.067,weights, ,0.07,0.0,0.93,8.9
1073,0.0,0.04,0.96,8.97,,,11.895,weights, ,0.0,0.04,0.96,8.97
1077,0.33,0.08,0.59,9.0,,,12.945,weights, ,0.33,0.08,0.59,9.0
1266,0.37,0.22,0.41,9.14,,,12.256,weights, ,0.37,0.22,0.41,9.14
1814,0.43,0.02,0.55,9.2,,,10.204,weights, ,0.43,0.02,0.55,9.2
1259,0.14,0.06,0.8,9.25,,,13.645,weights, ,0.14,0.06,0.8,9.25
1097,0.03,0.0,0.97,9.36,,,12.241,weights, ,0.03,0.0,0.97,9.36
1102,0.04,0.0,0.96,9.58,,,12.434,weights, ,0.04,0.0,0.96,9.58
1068,0.16,0.22,0.62,9.93,,,11.541,weights, ,0.16,0.22,0.62,9.93
1059,0.07,0.05,0.88,9.97,,,10.821,weights, ,0.07,0.05,0.88,9.97
1083,0.02,0.01,0.97,10.05,,,12.289,weights, ,0.02,0.01,0.97,10.05
1078,0.19,0.28,0.53,10.1,,,10.173,weights, ,0.19,0.28,0.53,10.1
1274,0.67,0.02,0.31,10.15,,,11.149,weights, ,0.67,0.02,0.31,10.15
1801,0.1,0.0,0.9,10.26,,,10.846,weights, ,0.1,0.0,0.9,10.26
1752,0.39,0.21,0.4,10.4,,,10.616,weights, ,0.39,0.21,0.4,10.4
1094,0.04,0.07,0.89,10.68,,,13.362,weights, ,0.04,0.07,0.89,10.68
1063,0.01,0.01,0.98,10.7,,,12.197,weights, ,0.01,0.01,0.98,10.7
1107,0.16,0.17,0.67,10.81,,,,weights, ,0.16,0.17,0.67,10.81
1260,0.06,0.02,0.92,10.99,,,15.72,weights, ,0.06,0.02,0.92,10.99
1774,0.0,0.29,0.71,10.99,,,,weights, ,0.0,0.29,0.71,10.99
1092,0.05,0.05,0.9,11.15,,,,weights, ,0.05,0.05,0.9,11.15
1268,0.33,0.03,0.64,11.35,,,11.455,weights, ,0.33,0.03,0.64,11.35
1089,0.1,0.28,0.62,11.43,,,12.06,weights, ,0.1,0.28,0.62,11.43
1116,0.0,0.09,0.91,11.5,,,15.459,weights, ,0.0,0.09,0.91,11.5
1788,0.65,0.35,0.0,11.92,,,18.038,weights, ,0.65,0.35,0.0,11.92
1070,0.0,0.06,0.94,11.98,,,,weights, ,0.0,0.06,0.94,11.98
1069,0.58,0.08,0.34,12.13,,,,weights, ,0.58,0.08,0.34,12.13
1098,0.0,0.11,0.89,12.68,,,,weights, ,0.0,0.11,0.89,12.68
1776,0.48,0.08,0.44,12.78,,,,weights, ,0.48,0.08,0.44,12.78
1095,0.0,0.4,0.6,13.0,,,13.601,weights, ,0.0,0.4,0.6,13.0
1067,0.05,0.11,0.84,13.14,,,14.571,weights, ,0.05,0.11,0.84,13.14
1087,0.36,0.17,0.47,13.23,,,16.091,weights, ,0.36,0.17,0.47,13.23
1780,0.0,0.1,0.9,13.38,,,15.946,weights, ,0.0,0.1,0.9,13.38
1264,0.47,0.18,0.35,13.76,,,14.187,weights, ,0.47,0.18,0.35,13.76
1765,0.81,0.06,0.13,13.84,,,,weights, ,0.81,0.06,0.13,13.84
1770,0.87,0.07,0.06,13.99,,,,weights, ,0.87,0.07,0.06,13.99
1263,0.6,0.04,0.36,14.35,,,14.823,weights, ,0.6,0.04,0.36,14.35
1119,0.07,0.05,0.88,14.43,,,15.664,weights, ,0.07,0.05,0.88,14.43
1122,0.0,0.05,0.95,14.49,,,15.493,weights, ,0.0,0.05,0.95,14.49
1252,0.0,0.54,0.46,14.63,,,16.638,weights, ,0.0,0.54,0.46,14.63
1113,0.0,0.0,1.0,14.71,,,,weights, ,0.0,0.0,1.0,14.71
1278,0.72,0.0,0.28,15.46,,,26.804,weights, ,0.72,0.0,0.28,15.46
1772,0.0,0.21,0.79,15.49,,,,weights, ,0.0,0.21,0.79,15.49
1808,0.74,0.0,0.26,15.58,,,,weights, ,0.74,0.0,0.26,15.58
1108,0.44,0.07,0.49,15.83,,,,weights, ,0.44,0.07,0.49,15.83
1253,0.0,0.81,0.19,16.17,,,,weights, ,0.0,0.81,0.19,16.17
1262,0.26,0.32,0.42,17.25,,,18.854,weights, ,0.26,0.32,0.42,17.25
1115,0.0,0.47,0.53,18.56,,,21.325,weights, ,0.0,0.47,0.53,18.56
1269,0.95,0.0,0.05,18.67,,,19.188,weights, ,0.95,0.0,0.05,18.67
1794,0.37,0.03,0.6,19.12,,,21.573,weights, ,0.37,0.03,0.6,19.12
1811,0.51,0.08,0.41,19.73,,,24.984,weights, ,0.51,0.08,0.41,19.73
1803,0.02,0.32,0.66,20.78,,,,weights, ,0.02,0.32,0.66,20.78
1120,0.08,0.16,0.76,21.62,,,26.68,weights, ,0.08,0.16,0.76,21.62
1072,0.16,0.0,0.84,23.55,,,30.422,weights, ,0.16,0.0,0.84,23.55
1265,0.0,0.41,0.59,36.18,,,58.408,weights, ,0.0,0.41,0.59,36.18
1775,1.0,0.0,0.0,42.06,,,,weights, ,1.0,0.0,0.0,42.06
1822,0.0,0.72,0.28,49.56,,,,weights, ,0.0,0.72,0.28,49.56
1805,0.33,0.67,-0.0,56.63,,,,weights, ,0.33,0.67,-0.0,56.63
1271,1.0,0.0,0.0,73.03,,,97.052,weights, ,1.0,0.0,0.0,73.03
1767,1.0,0.0,0.0,92.04,,,151.676,weights, ,1.0,0.0,0.0,92.04
1791,0.11,0.89,0.0,95.94,,,,weights, ,0.11,0.89,0.0,95.94
1112,0.0,0.33,0.67,146.87,,,,weights, ,0.0,0.33,0.67,146.87
1273,0.4,0.0,0.6,159.08,,,204.498,weights, ,0.4,0.0,0.6,159.08
1081,0.0,0.0,1.0,178.12,,,764.735,weights, ,0.0,0.0,1.0,178.12
