АЗС,Лучшая модель,MAPE,error
9337,HoltWinters,3.972,
7131,HoltWinters,4.091,
145001,HoltWinters,4.097,
92405,HoltWinters,4.109,
124002,HoltWinters,4.139,
7126,HoltWinters,4.153,
3144,HoltWinters,4.328,
133656,HoltWinters,4.409,
133296,HoltWinters,4.415,
134170,HoltWinters,4.421,
9333,HoltWinters,4.491,
132203,HoltWinters,4.494,
9719,HoltWinters,4.495,
5000,HoltWinters,4.546,
5015,HoltWinters,4.599,
5035,HoltWinters,4.641,
9346,HoltWinters,4.676,
1890,HoltWinters,4.692,
3749,HoltWinters,4.705,
84802,HoltWinters,4.705,
6429,HoltWinters,4.769,
1756,HoltWinters,4.779,
3127,HoltWinters,4.844,
49212,HoltWinters,4.865,
1071,HoltWinters,4.906,
5041,HoltWinters,5.077,
129003,HoltWinters,5.117,
1781,HoltWinters,5.122,
83602,HoltWinters,5.132,
133531,HoltWinters,5.136,
133291,HoltWinters,5.14,
1104,HoltWinters,5.142,
133487,HoltWinters,5.153,
136930,HoltWinters,5.173,
3331,HoltWinters,5.182,
3009,HoltWinters,5.199,
133455,HoltWinters,5.215,
92203,HoltWinters,5.24,
2903,HoltWinters,5.245,
133210,HoltWinters,5.264,
133256,HoltWinters,5.268,
3381,HoltWinters,5.288,
3408,HoltWinters,5.288,
91401,HoltWinters,5.34,
153002,HoltWinters,5.345,
3171,HoltWinters,5.356,
160071,HoltWinters,5.398,
1788,HoltWinters,5.465,
133471,HoltWinters,5.532,
1908,HoltWinters,5.623,
160012,HoltWinters,5.623,
3217,HoltWinters,5.629,
133569,HoltWinters,5.646,
3714,HoltWinters,5.648,
3497,HoltWinters,5.659,
5063,HoltWinters,5.705,
6428,HoltWinters,5.709,
1107,HoltWinters,5.719,
3955,HoltWinters,5.729,
7339,HoltWinters,5.742,
155022,HoltWinters,5.763,
136803,HoltWinters,5.766,
3132,HoltWinters,5.768,
1062,HoltWinters,5.779,
2653,HoltWinters,5.788,
1916,HoltWinters,5.794,
134072,HoltWinters,5.795,
8750,HoltWinters,5.798,
3984,HoltWinters,5.835,
1777,HoltWinters,5.863,
134140,HoltWinters,5.863,
1904,HoltWinters,5.867,
2994,HoltWinters,5.868,
6467,HoltWinters,5.916,
3739,HoltWinters,5.936,
133644,HoltWinters,5.973,
153001,HoltWinters,6.0,
133459,HoltWinters,6.026,
133616,HoltWinters,6.029,
155054,HoltWinters,6.04,
133506,HoltWinters,6.155,
8160,HoltWinters,6.158,
3173,HoltWinters,6.168,
136915,HoltWinters,6.245,
3056,HoltWinters,6.256,
166003,HoltWinters,6.284,
3498,HoltWinters,6.286,
133397,HoltWinters,6.299,
1112,HoltWinters,6.302,
163005,HoltWinters,6.306,
133367,HoltWinters,6.324,
133536,HoltWinters,6.352,
3163,HoltWinters,6.377,
3135,HoltWinters,6.426,
2451,HoltWinters,6.431,
125613,HoltWinters,6.435,
1906,HoltWinters,6.462,
2615,HoltWinters,6.468,
133372,HoltWinters,6.491,
5091,HoltWinters,6.538,
1892,HoltWinters,6.539,
2736,HoltWinters,6.548,
1888,HoltWinters,6.561,
2911,HoltWinters,6.564,
2997,HoltWinters,6.587,
3435,HoltWinters,6.605,
1855,HoltWinters,6.611,
128201,HoltWinters,6.629,
39206,HoltWinters,6.647,
3954,HoltWinters,6.674,
3342,HoltWinters,6.688,
5102,HoltWinters,6.702,
3274,HoltWinters,6.708,
9755,HoltWinters,6.727,
133227,HoltWinters,6.762,
1072,HoltWinters,6.786,
155060,HoltWinters,6.79,
133267,HoltWinters,6.794,
6448,HoltWinters,6.824,
3967,HoltWinters,6.829,
3361,HoltWinters,6.834,
6438,HoltWinters,6.866,
3715,HoltWinters,6.87,
9320,HoltWinters,6.883,
2828,HoltWinters,6.896,
9310,HoltWinters,6.914,
9745,HoltWinters,6.93,
3802,HoltWinters,6.938,
3817,HoltWinters,6.939,
160074,HoltWinters,6.962,
133667,HoltWinters,7.009,
135043,HoltWinters,7.018,
155083,HoltWinters,7.026,
134163,HoltWinters,7.039,
134005,HoltWinters,7.041,
6424,HoltWinters,7.084,
2192,HoltWinters,7.093,
133212,HoltWinters,7.137,
3340,HoltWinters,7.153,
2877,HoltWinters,7.175,
133599,HoltWinters,7.176,
133573,HoltWinters,7.19,
2174,HoltWinters,7.195,
1896,HoltWinters,7.207,
155003,HoltWinters,7.21,
9812,HoltWinters,7.227,
135076,HoltWinters,7.242,
92202,HoltWinters,7.252,
65401,HoltWinters,7.257,
3348,HoltWinters,7.265,
133323,HoltWinters,7.28,
1768,HoltWinters,7.284,
3813,HoltWinters,7.286,
133717,HoltWinters,7.287,
3822,HoltWinters,7.32,
3805,HoltWinters,7.349,
3346,HoltWinters,7.366,
8796,HoltWinters,7.405,
3818,HoltWinters,7.411,
6417,HoltWinters,7.414,
5097,HoltWinters,7.428,
133630,HoltWinters,7.43,
155021,HoltWinters,7.462,
2608,HoltWinters,7.488,
133240,HoltWinters,7.49,
134053,HoltWinters,7.519,
125617,HoltWinters,7.527,
133657,HoltWinters,7.527,
133356,HoltWinters,7.557,
3146,HoltWinters,7.564,
134034,HoltWinters,7.585,
3318,HoltWinters,7.592,
1121,HoltWinters,7.614,
3809,HoltWinters,7.619,
133747,HoltWinters,7.621,
133701,HoltWinters,7.631,
155084,HoltWinters,7.65,
2235,HoltWinters,7.66,
135055,HoltWinters,7.71,
133444,HoltWinters,7.723,
155005,HoltWinters,7.729,
160028,HoltWinters,7.731,
5017,HoltWinters,7.759,
134169,HoltWinters,7.764,
5009,HoltWinters,7.767,
3326,HoltWinters,7.769,
1095,HoltWinters,7.775,
133293,HoltWinters,7.775,
104802,HoltWinters,7.782,
5081,HoltWinters,7.8,
163404,HoltWinters,7.818,
3363,HoltWinters,7.824,
135070,HoltWinters,7.824,
1084,HoltWinters,7.828,
133274,HoltWinters,7.828,
3351,HoltWinters,7.855,
160005,HoltWinters,7.858,
133727,HoltWinters,7.879,
134028,HoltWinters,7.879,
2177,HoltWinters,7.892,
161801,HoltWinters,7.904,
133228,HoltWinters,7.923,
9426,HoltWinters,7.933,
155097,HoltWinters,7.937,
39201,HoltWinters,7.975,
133681,HoltWinters,7.982,
155065,HoltWinters,8.027,
160007,HoltWinters,8.033,
133317,HoltWinters,8.052,
64405,HoltWinters,8.081,
1789,HoltWinters,8.095,
3024,HoltWinters,8.141,
2895,HoltWinters,8.152,
9321,HoltWinters,8.178,
1871,HoltWinters,8.182,
2206,HoltWinters,8.188,
8932,HoltWinters,8.188,
6425,HoltWinters,8.197,
3319,HoltWinters,8.208,
1880,HoltWinters,8.219,
134123,HoltWinters,8.24,
3137,HoltWinters,8.268,
1884,HoltWinters,8.269,
1910,HoltWinters,8.272,
136906,HoltWinters,8.276,
135030,HoltWinters,8.334,
54402,HoltWinters,8.351,
133533,HoltWinters,8.364,
134071,HoltWinters,8.371,
3367,HoltWinters,8.376,
133310,HoltWinters,8.383,
5014,HoltWinters,8.388,
3048,HoltWinters,8.404,
3455,HoltWinters,8.407,
133713,HoltWinters,8.409,
133292,HoltWinters,8.422,
6444,HoltWinters,8.436,
134177,HoltWinters,8.436,
115002,HoltWinters,8.459,
1264,HoltWinters,8.496,
133784,HoltWinters,8.502,
3545,HoltWinters,8.542,
160061,HoltWinters,8.568,
5007,HoltWinters,8.581,
4090,HoltWinters,8.584,
134178,HoltWinters,8.61,
4224,HoltWinters,8.631,
6480,HoltWinters,8.645,
3139,HoltWinters,8.65,
133494,HoltWinters,8.673,
66201,HoltWinters,8.675,
1776,HoltWinters,8.737,
133732,HoltWinters,8.752,
3031,HoltWinters,8.809,
1973,HoltWinters,8.824,
133462,HoltWinters,8.825,
2649,HoltWinters,8.831,
150601,HoltWinters,8.915,
125649,HoltWinters,8.927,
5001,HoltWinters,8.945,
133808,HoltWinters,8.962,
133305,HoltWinters,8.975,
133547,HoltWinters,8.977,
3057,HoltWinters,8.981,
8933,HoltWinters,8.993,
133523,HoltWinters,8.998,
133294,HoltWinters,9.034,
1887,HoltWinters,9.043,
3156,HoltWinters,9.044,
125666,HoltWinters,9.077,
155051,HoltWinters,9.081,
3341,HoltWinters,9.118,
133453,HoltWinters,9.122,
123401,HoltWinters,9.146,
133440,HoltWinters,9.155,
133410,HoltWinters,9.165,
5080,HoltWinters,9.167,
133216,HoltWinters,9.167,
133442,HoltWinters,9.204,
2902,HoltWinters,9.209,
134125,HoltWinters,9.216,
3064,HoltWinters,9.23,
134151,HoltWinters,9.235,
2610,HoltWinters,9.237,
1261,HoltWinters,9.251,
8874,HoltWinters,9.292,
5028,HoltWinters,9.381,
91802,HoltWinters,9.386,
133238,HoltWinters,9.387,
129004,HoltWinters,9.403,
3454,HoltWinters,9.473,
1863,HoltWinters,9.475,
4171,HoltWinters,9.479,
3210,HoltWinters,9.488,
1898,HoltWinters,9.503,
133780,HoltWinters,9.565,
1975,HoltWinters,9.585,
134032,HoltWinters,9.588,
6422,HoltWinters,9.594,
133313,HoltWinters,9.599,
2907,HoltWinters,9.6,
134048,HoltWinters,9.602,
1252,HoltWinters,9.617,
134064,HoltWinters,9.619,
3447,HoltWinters,9.772,
6479,HoltWinters,9.781,
135020,HoltWinters,9.805,
4161,HoltWinters,9.827,
3142,HoltWinters,9.833,
133593,HoltWinters,9.847,
133370,HoltWinters,9.879,
6435,HoltWinters,9.881,
172816,HoltWinters,9.918,
134124,HoltWinters,9.934,
89601,HoltWinters,9.984,
133578,HoltWinters,9.988,
133345,HoltWinters,10.008,
135026,HoltWinters,10.008,
133801,HoltWinters,10.035,
3985,HoltWinters,10.07,
135010,HoltWinters,10.12,
133258,HoltWinters,10.132,
133337,HoltWinters,10.175,
7172,HoltWinters,10.178,
160046,HoltWinters,10.188,
1108,HoltWinters,10.203,
1775,HoltWinters,10.204,
2200,HoltWinters,10.207,
1974,HoltWinters,10.212,
5070,HoltWinters,10.212,
170804,HoltWinters,10.259,
133264,HoltWinters,10.277,
6447,HoltWinters,10.367,
133223,HoltWinters,10.382,
2735,HoltWinters,10.459,
133246,HoltWinters,10.526,
133811,HoltWinters,10.534,
160023,HoltWinters,10.605,
3275,HoltWinters,10.673,
133620,HoltWinters,10.684,
136807,HoltWinters,10.696,
2901,HoltWinters,10.761,
155044,HoltWinters,10.761,
133452,HoltWinters,10.787,
5049,HoltWinters,10.798,
133341,HoltWinters,10.807,
7146,HoltWinters,10.816,
3317,HoltWinters,10.832,
133230,HoltWinters,10.844,
135051,HoltWinters,10.854,
1828,HoltWinters,10.855,
1846,HoltWinters,10.887,
2118,HoltWinters,10.891,
133403,HoltWinters,10.938,
3065,HoltWinters,10.975,
134148,HoltWinters,10.983,
4173,HoltWinters,11.044,
133582,HoltWinters,11.078,
133539,HoltWinters,11.125,
1873,HoltWinters,11.213,
133222,HoltWinters,11.234,
123002,HoltWinters,11.241,
3766,HoltWinters,11.274,
135054,HoltWinters,11.351,
2150,HoltWinters,11.423,
3456,HoltWinters,11.465,
125615,HoltWinters,11.471,
3431,HoltWinters,11.53,
133451,HoltWinters,11.535,
3972,HoltWinters,11.565,
3814,HoltWinters,11.599,
133803,HoltWinters,11.658,
1915,HoltWinters,11.698,
5037,HoltWinters,11.702,
5048,HoltWinters,11.711,
133282,HoltWinters,11.725,
133716,HoltWinters,11.744,
2743,HoltWinters,11.745,
134021,HoltWinters,11.83,
134011,HoltWinters,11.928,
160027,HoltWinters,11.964,
133340,HoltWinters,12.01,
134173,HoltWinters,12.081,
133328,HoltWinters,12.097,
133208,HoltWinters,12.116,
155059,HoltWinters,12.126,
3309,HoltWinters,12.22,
133626,HoltWinters,12.28,
3803,HoltWinters,12.336,
143602,HoltWinters,12.341,
133804,HoltWinters,12.348,
5534,HoltWinters,12.352,
133393,HoltWinters,12.379,
165212,HoltWinters,12.387,
1079,HoltWinters,12.423,
9467,HoltWinters,12.512,
133792,HoltWinters,12.556,
3000,HoltWinters,12.575,
57601,HoltWinters,12.611,
159203,HoltWinters,12.635,
5082,HoltWinters,12.67,
4169,HoltWinters,12.701,
133744,HoltWinters,12.724,
155108,HoltWinters,12.798,
2211,HoltWinters,12.813,
160070,HoltWinters,12.839,
1812,HoltWinters,12.886,
133791,HoltWinters,12.9,
133514,HoltWinters,12.957,
1954,HoltWinters,13.033,
1875,HoltWinters,13.079,
2606,HoltWinters,13.107,
3401,HoltWinters,13.186,
133554,HoltWinters,13.217,
171803,HoltWinters,13.222,
133276,HoltWinters,13.239,
133316,HoltWinters,13.29,
155041,HoltWinters,13.292,
133395,HoltWinters,13.296,
9749,HoltWinters,13.338,
173402,HoltWinters,13.404,
2452,HoltWinters,13.434,
1893,HoltWinters,13.51,
133226,HoltWinters,13.512,
135057,HoltWinters,13.708,
133712,HoltWinters,13.72,
57402,HoltWinters,13.883,
83603,HoltWinters,13.976,
134059,HoltWinters,14.05,
4999,HoltWinters,14.103,
134168,HoltWinters,14.107,
133783,HoltWinters,14.209,
3170,HoltWinters,14.258,
2899,HoltWinters,14.259,
8907,HoltWinters,14.289,
9516,HoltWinters,14.3,
3827,HoltWinters,14.305,
133522,HoltWinters,14.356,
155115,HoltWinters,14.372,
133209,HoltWinters,14.562,
1827,HoltWinters,14.59,
133491,HoltWinters,14.632,
5075,HoltWinters,14.68,
39207,HoltWinters,14.796,
125635,HoltWinters,14.967,
133359,HoltWinters,14.994,
133411,HoltWinters,15.046,
45204,HoltWinters,15.076,
134181,HoltWinters,15.163,
125636,HoltWinters,15.171,
134042,HoltWinters,15.2,
5020,HoltWinters,15.368,
133775,HoltWinters,15.414,
133746,HoltWinters,15.576,
155029,HoltWinters,15.806,
160026,HoltWinters,15.994,
136815,HoltWinters,16.04,
160017,HoltWinters,16.052,
2287,HoltWinters,16.077,
133748,HoltWinters,16.207,
133628,HoltWinters,16.257,
160043,HoltWinters,16.513,
5010,HoltWinters,16.68,
125644,HoltWinters,17.198,
133524,HoltWinters,17.321,
9466,HoltWinters,17.481,
62405,HoltWinters,17.509,
2248,HoltWinters,17.525,
3983,HoltWinters,17.799,
133495,HoltWinters,17.806,
133237,HoltWinters,17.962,
2893,HoltWinters,17.966,
133810,HoltWinters,18.01,
134066,HoltWinters,18.051,
1113,HoltWinters,18.084,
134188,HoltWinters,18.229,
136917,HoltWinters,18.309,
1831,HoltWinters,18.336,
125642,HoltWinters,18.339,
3379,HoltWinters,18.424,
3150,HoltWinters,18.454,
2243,HoltWinters,18.57,
136909,HoltWinters,18.579,
155090,HoltWinters,18.606,
1867,HoltWinters,18.629,
135028,HoltWinters,18.963,
3321,HoltWinters,19.196,
155130,HoltWinters,19.203,
135046,HoltWinters,19.233,
133207,HoltWinters,19.301,
133312,HoltWinters,19.324,
6434,HoltWinters,19.35,
134030,HoltWinters,19.641,
155004,HoltWinters,19.675,
134135,HoltWinters,19.754,
9521,HoltWinters,19.925,
163003,HoltWinters,19.989,
135056,HoltWinters,20.063,
2246,HoltWinters,20.311,
135032,HoltWinters,20.327,
3962,HoltWinters,20.478,
133538,HoltWinters,20.647,
133770,HoltWinters,20.673,
133385,HoltWinters,20.863,
8738,HoltWinters,20.875,
160052,HoltWinters,20.913,
162601,HoltWinters,21.08,
170030,HoltWinters,21.307,
6439,HoltWinters,21.954,
2664,HoltWinters,21.974,
133253,HoltWinters,22.591,
133706,HoltWinters,22.734,
64406,HoltWinters,22.896,
134054,HoltWinters,23.187,
3865,HoltWinters,23.252,
2905,HoltWinters,23.292,
133488,HoltWinters,23.391,
163625,HoltWinters,23.394,
133518,HoltWinters,23.412,
160073,HoltWinters,23.485,
2304,HoltWinters,23.723,
62201,HoltWinters,23.994,
135035,HoltWinters,24.629,
1994,HoltWinters,25.06,
133722,HoltWinters,25.347,
133774,HoltWinters,25.436,
125648,HoltWinters,26.357,
134039,HoltWinters,26.466,
134189,HoltWinters,27.061,
5013,HoltWinters,27.811,
155086,HoltWinters,28.913,
3843,HoltWinters,28.941,
133715,HoltWinters,29.039,
5223,HoltWinters,29.74,
3448,HoltWinters,29.971,
5025,HoltWinters,30.268,
3323,HoltWinters,31.799,
8958,HoltWinters,31.8,
2136,HoltWinters,32.279,
125645,HoltWinters,34.333,
133704,HoltWinters,34.73,
133761,HoltWinters,34.739,
163210,HoltWinters,35.705,
5071,HoltWinters,35.724,
133469,HoltWinters,36.289,
135042,HoltWinters,36.352,
134158,HoltWinters,37.422,
160060,HoltWinters,37.989,
9341,HoltWinters,39.713,
133482,HoltWinters,39.813,
1120,HoltWinters,39.884,
136814,HoltWinters,40.062,
160024,HoltWinters,43.695,
5012,HoltWinters,44.379,
125646,HoltWinters,45.136,
125653,HoltWinters,45.36,
133680,HoltWinters,45.674,
1833,HoltWinters,48.17,
155080,HoltWinters,51.613,
118601,HoltWinters,57.993,
133755,HoltWinters,68.664,
134152,HoltWinters,69.973,
4216,HoltWinters,71.155,
133750,HoltWinters,71.798,
3153,HoltWinters,71.886,
155094,HoltWinters,73.218,
165210,HoltWinters,73.868,
3374,HoltWinters,81.993,
163208,HoltWinters,84.077,
125622,HoltWinters,87.329,
133799,HoltWinters,88.182,
134049,HoltWinters,108.354,
3511,HoltWinters,133.745,
133287,HoltWinters,139.441,
2669,HoltWinters,142.455,
134006,HoltWinters,148.975,
133740,HoltWinters,161.814,
133387,HoltWinters,173.253,
160016,HoltWinters,198.29,
1856,HoltWinters,226.098,
134160,HoltWinters,256.357,
133363,HoltWinters,315.15,
135802,HoltWinters,607.033,
160041,HoltWinters,624.925,
160059,HoltWinters,637.961,
133485,HoltWinters,684.331,
133549,HoltWinters,1030.303,
2306,HoltWinters,1122.322,
2167,HoltWinters,1305.943,
160067,HoltWinters,1997.621,
125628,HoltWinters,2799.067,
133426,HoltWinters,2986.286,
160033,HoltWinters,3045.757,
9530,HoltWinters,3716.666,
5099,RandomForest,3.605,
133674,RandomForest,3.78,
160008,RandomForest,3.968,
133719,RandomForest,4.237,
1060,RandomForest,4.288,
7073,RandomForest,4.435,
5972,RandomForest,4.457,
3729,RandomForest,4.466,
1907,RandomForest,4.491,
3143,RandomForest,4.507,
2613,RandomForest,4.577,
9317,RandomForest,4.61,
155048,RandomForest,4.637,
5045,RandomForest,4.693,
1279,RandomForest,4.703,
163002,RandomForest,4.743,
1106,RandomForest,4.744,
152001,RandomForest,4.751,
1064,RandomForest,4.814,
133577,RandomForest,4.843,
133608,RandomForest,4.871,
3368,RandomForest,4.89,
8774,RandomForest,4.894,
1921,RandomForest,4.896,
163001,RandomForest,4.903,
3750,RandomForest,4.907,
3008,RandomForest,4.924,
54403,RandomForest,4.942,
133685,RandomForest,4.96,
3388,RandomForest,4.98,
69201,RandomForest,5.017,
3797,RandomForest,5.028,
1969,RandomForest,5.075,
57403,RandomForest,5.078,
133689,RandomForest,5.115,
44002,RandomForest,5.121,
133789,RandomForest,5.134,
3006,RandomForest,5.135,
133557,RandomForest,5.154,
66202,RandomForest,5.169,
133250,RandomForest,5.173,
104801,RandomForest,5.215,
6452,RandomForest,5.216,
133638,RandomForest,5.227,
5072,RandomForest,5.296,
3438,RandomForest,5.301,
155049,RandomForest,5.32,
135037,RandomForest,5.333,
3338,RandomForest,5.343,
133298,RandomForest,5.347,
133698,RandomForest,5.359,
133652,RandomForest,5.396,
3339,RandomForest,5.414,
3756,RandomForest,5.417,
7323,RandomForest,5.438,
133295,RandomForest,5.448,
5088,RandomForest,5.458,
9318,RandomForest,5.463,
3982,RandomForest,5.465,
2715,RandomForest,5.504,
8911,RandomForest,5.52,
133647,RandomForest,5.567,
3347,RandomForest,5.596,
133659,RandomForest,5.596,
133527,RandomForest,5.597,
35804,RandomForest,5.617,
133318,RandomForest,5.619,
134141,RandomForest,5.62,
155058,RandomForest,5.623,
9335,RandomForest,5.626,
2886,RandomForest,5.64,
3815,RandomForest,5.67,
2605,RandomForest,5.672,
133273,RandomForest,5.677,
9244,RandomForest,5.692,
3733,RandomForest,5.694,
8788,RandomForest,5.698,
69401,RandomForest,5.702,
9241,RandomForest,5.726,
66209,RandomForest,5.733,
9311,RandomForest,5.744,
129401,RandomForest,5.752,
133702,RandomForest,5.778,
2789,RandomForest,5.786,
2612,RandomForest,5.787,
9720,RandomForest,5.788,
39605,RandomForest,5.819,
157601,RandomForest,5.82,
133321,RandomForest,5.834,
125610,RandomForest,5.867,
155025,RandomForest,5.872,
159004,RandomForest,5.873,
1814,RandomForest,5.885,
134036,RandomForest,5.888,
1110,RandomForest,5.901,
136808,RandomForest,5.909,
107801,RandomForest,5.936,
133561,RandomForest,5.94,
160045,RandomForest,5.94,
5058,RandomForest,5.942,
1809,RandomForest,5.946,
1794,RandomForest,5.95,
133357,RandomForest,5.952,
4260,RandomForest,5.955,
133666,RandomForest,5.967,
1119,RandomForest,5.969,
133480,RandomForest,6.011,
6431,RandomForest,6.057,
133441,RandomForest,6.093,
155112,RandomForest,6.093,
155111,RandomForest,6.099,
155047,RandomForest,6.129,
3256,RandomForest,6.132,
135069,RandomForest,6.164,
133650,RandomForest,6.166,
133655,RandomForest,6.169,
2092,RandomForest,6.181,
133354,RandomForest,6.182,
9404,RandomForest,6.192,
3350,RandomForest,6.193,
133664,RandomForest,6.199,
3446,RandomForest,6.204,
4080,RandomForest,6.218,
134167,RandomForest,6.218,
4078,RandomForest,6.22,
2252,RandomForest,6.241,
1101,RandomForest,6.255,
104005,RandomForest,6.266,
3329,RandomForest,6.281,
2726,RandomForest,6.282,
155001,RandomForest,6.288,
1955,RandomForest,6.294,
1949,RandomForest,6.303,
5042,RandomForest,6.303,
133797,RandomForest,6.305,
1772,RandomForest,6.308,
1798,RandomForest,6.308,
3062,RandomForest,6.312,
133693,RandomForest,6.312,
39402,RandomForest,6.319,
133499,RandomForest,6.328,
3206,RandomForest,6.333,
133473,RandomForest,6.335,
155056,RandomForest,6.335,
134147,RandomForest,6.349,
134192,RandomForest,6.359,
95805,RandomForest,6.36,
135072,RandomForest,6.361,
1260,RandomForest,6.371,
3731,RandomForest,6.397,
133309,RandomForest,6.41,
133300,RandomForest,6.424,
5018,RandomForest,6.454,
136809,RandomForest,6.467,
160031,RandomForest,6.468,
4214,RandomForest,6.491,
160413,RandomForest,6.515,
3595,RandomForest,6.52,
133525,RandomForest,6.531,
2711,RandomForest,6.561,
134031,RandomForest,6.561,
134132,RandomForest,6.563,
133456,RandomForest,6.582,
133443,RandomForest,6.59,
133565,RandomForest,6.624,
133544,RandomForest,6.626,
3336,RandomForest,6.645,
3312,RandomForest,6.647,
5053,RandomForest,6.661,
3175,RandomForest,6.662,
155075,RandomForest,6.666,
2999,RandomForest,6.673,
2896,RandomForest,6.689,
133509,RandomForest,6.699,
3176,RandomForest,6.711,
155007,RandomForest,6.714,
156401,RandomForest,6.727,
133252,RandomForest,6.729,
1913,RandomForest,6.744,
3213,RandomForest,6.752,
163205,RandomForest,6.755,
133673,RandomForest,6.756,
133564,RandomForest,6.759,
155023,RandomForest,6.76,
6986,RandomForest,6.766,
8934,RandomForest,6.789,
133605,RandomForest,6.789,
9316,RandomForest,6.79,
163803,RandomForest,6.795,
2879,RandomForest,6.806,
1102,RandomForest,6.816,
3126,RandomForest,6.816,
133601,RandomForest,6.816,
134029,RandomForest,6.816,
125652,RandomForest,6.82,
133708,RandomForest,6.842,
1947,RandomForest,6.849,
3543,RandomForest,6.849,
3767,RandomForest,6.873,
133530,RandomForest,6.873,
133266,RandomForest,6.878,
5008,RandomForest,6.884,
141801,RandomForest,6.903,
3174,RandomForest,6.912,
134027,RandomForest,6.916,
133245,RandomForest,6.921,
8727,RandomForest,6.971,
155015,RandomForest,6.998,
1901,RandomForest,7.028,
92401,RandomForest,7.031,
133239,RandomForest,7.043,
1066,RandomForest,7.058,
63801,RandomForest,7.068,
134120,RandomForest,7.071,
2609,RandomForest,7.072,
2908,RandomForest,7.074,
133474,RandomForest,7.082,
3165,RandomForest,7.083,
3737,RandomForest,7.099,
62404,RandomForest,7.102,
3004,RandomForest,7.125,
99602,RandomForest,7.142,
8079,RandomForest,7.154,
133235,RandomForest,7.16,
163409,RandomForest,7.164,
134004,RandomForest,7.175,
3443,RandomForest,7.178,
1767,RandomForest,7.179,
3221,RandomForest,7.184,
3540,RandomForest,7.197,
3215,RandomForest,7.199,
1774,RandomForest,7.208,
155103,RandomForest,7.21,
133545,RandomForest,7.212,
3765,RandomForest,7.222,
125607,RandomForest,7.232,
133809,RandomForest,7.24,
125618,RandomForest,7.272,
3059,RandomForest,7.274,
3396,RandomForest,7.282,
39208,RandomForest,7.298,
5026,RandomForest,7.306,
163623,RandomForest,7.312,
133492,RandomForest,7.322,
3394,RandomForest,7.331,
5069,RandomForest,7.331,
7426,RandomForest,7.332,
133710,RandomForest,7.336,
3445,RandomForest,7.343,
160032,RandomForest,7.364,
61001,RandomForest,7.381,
136812,RandomForest,7.389,
3330,RandomForest,7.391,
64402,RandomForest,7.402,
3377,RandomForest,7.404,
133386,RandomForest,7.43,
2894,RandomForest,7.436,
2910,RandomForest,7.463,
1808,RandomForest,7.47,
2747,RandomForest,7.478,
134022,RandomForest,7.479,
5104,RandomForest,7.488,
3352,RandomForest,7.495,
3393,RandomForest,7.512,
136880,RandomForest,7.525,
3836,RandomForest,7.536,
134127,RandomForest,7.538,
3138,RandomForest,7.543,
155002,RandomForest,7.548,
155105,RandomForest,7.552,
134009,RandomForest,7.554,
47401,RandomForest,7.555,
1895,RandomForest,7.57,
2271,RandomForest,7.581,
155014,RandomForest,7.581,
1864,RandomForest,7.611,
133301,RandomForest,7.611,
133723,RandomForest,7.614,
133407,RandomForest,7.616,
133465,RandomForest,7.618,
3763,RandomForest,7.627,
8903,RandomForest,7.642,
3332,RandomForest,7.643,
133597,RandomForest,7.644,
3459,RandomForest,7.661,
5094,RandomForest,7.666,
133551,RandomForest,7.666,
135017,RandomForest,7.691,
1801,RandomForest,7.706,
2827,RandomForest,7.712,
115007,RandomForest,7.721,
155016,RandomForest,7.722,
133344,RandomForest,7.732,
3129,RandomForest,7.75,
154401,RandomForest,7.755,
155010,RandomForest,7.757,
133805,RandomForest,7.758,
133268,RandomForest,7.768,
3220,RandomForest,7.786,
1081,RandomForest,7.789,
8174,RandomForest,7.79,
3654,RandomForest,7.792,
133535,RandomForest,7.792,
134143,RandomForest,7.795,
133690,RandomForest,7.804,
9085,RandomForest,7.814,
133270,RandomForest,7.828,
2888,RandomForest,7.83,
133556,RandomForest,7.83,
3380,RandomForest,7.834,
7080,RandomForest,7.849,
125662,RandomForest,7.857,
1092,RandomForest,7.877,
1268,RandomForest,7.884,
1883,RandomForest,7.891,
171804,RandomForest,7.892,
5066,RandomForest,7.909,
1889,RandomForest,7.911,
3168,RandomForest,7.918,
36004,RandomForest,7.925,
3981,RandomForest,7.937,
136801,RandomForest,7.937,
125612,RandomForest,7.947,
3212,RandomForest,7.949,
5016,RandomForest,7.969,
2674,RandomForest,7.97,
5052,RandomForest,7.97,
5027,RandomForest,7.972,
3410,RandomForest,7.973,
3124,RandomForest,7.974,
133384,RandomForest,7.975,
3941,RandomForest,7.978,
3376,RandomForest,7.981,
134149,RandomForest,7.996,
133763,RandomForest,8.017,
3745,RandomForest,8.038,
3320,RandomForest,8.044,
63603,RandomForest,8.084,
133534,RandomForest,8.084,
132002,RandomForest,8.097,
133477,RandomForest,8.1,
133275,RandomForest,8.101,
125605,RandomForest,8.104,
163403,RandomForest,8.118,
2301,RandomForest,8.129,
8181,RandomForest,8.149,
3453,RandomForest,8.15,
6432,RandomForest,8.155,
6442,RandomForest,8.155,
133457,RandomForest,8.171,
155101,RandomForest,8.172,
5038,RandomForest,8.175,
133751,RandomForest,8.188,
136925,RandomForest,8.19,
136912,RandomForest,8.191,
163405,RandomForest,8.193,
1885,RandomForest,8.194,
133636,RandomForest,8.196,
133483,RandomForest,8.203,
9811,RandomForest,8.209,
1122,RandomForest,8.212,
155006,RandomForest,8.215,
133558,RandomForest,8.22,
8664,RandomForest,8.221,
137002,RandomForest,8.226,
3011,RandomForest,8.228,
155133,RandomForest,8.234,
3415,RandomForest,8.236,
133311,RandomForest,8.238,
5050,RandomForest,8.252,
8996,RandomForest,8.27,
134184,RandomForest,8.284,
133445,RandomForest,8.287,
5039,RandomForest,8.312,
1835,RandomForest,8.319,
133743,RandomForest,8.323,
133343,RandomForest,8.325,
1919,RandomForest,8.349,
5079,RandomForest,8.353,
1912,RandomForest,8.36,
1094,RandomForest,8.363,
133468,RandomForest,8.391,
3327,RandomForest,8.392,
133570,RandomForest,8.42,
3358,RandomForest,8.429,
2300,RandomForest,8.455,
4215,RandomForest,8.461,
7314,RandomForest,8.47,
5093,RandomForest,8.48,
136603,RandomForest,8.484,
133541,RandomForest,8.487,
134050,RandomForest,8.501,
135027,RandomForest,8.534,
4318,RandomForest,8.538,
2873,RandomForest,8.539,
155061,RandomForest,8.578,
163218,RandomForest,8.585,
5535,RandomForest,8.605,
165002,RandomForest,8.636,
133579,RandomForest,8.643,
133304,RandomForest,8.688,
133584,RandomForest,8.693,
8714,RandomForest,8.698,
155137,RandomForest,8.698,
5100,RandomForest,8.726,
3660,RandomForest,8.737,
5056,RandomForest,8.737,
133699,RandomForest,8.746,
135039,RandomForest,8.754,
2741,RandomForest,8.756,
1956,RandomForest,8.769,
3247,RandomForest,8.776,
153812,RandomForest,8.778,
135038,RandomForest,8.788,
160062,RandomForest,8.816,
133320,RandomForest,8.819,
1116,RandomForest,8.823,
2904,RandomForest,8.841,
1957,RandomForest,8.842,
5034,RandomForest,8.87,
5030,RandomForest,8.883,
163407,RandomForest,8.884,
51601,RandomForest,8.895,
5055,RandomForest,8.897,
58201,RandomForest,8.9,
3276,RandomForest,8.905,
1862,RandomForest,8.917,
3424,RandomForest,8.922,
6481,RandomForest,8.94,
135047,RandomForest,8.948,
133682,RandomForest,8.96,
155129,RandomForest,8.967,
133653,RandomForest,8.971,
135018,RandomForest,8.971,
133366,RandomForest,8.989,
134012,RandomForest,9.01,
155038,RandomForest,9.025,
5046,RandomForest,9.044,
134058,RandomForest,9.057,
133396,RandomForest,9.059,
133526,RandomForest,9.083,
3743,RandomForest,9.084,
5089,RandomForest,9.093,
1805,RandomForest,9.111,
133671,RandomForest,9.137,
3172,RandomForest,9.149,
3356,RandomForest,9.164,
92406,RandomForest,9.177,
155011,RandomForest,9.178,
133334,RandomForest,9.192,
133408,RandomForest,9.211,
155036,RandomForest,9.219,
133472,RandomForest,9.231,
3730,RandomForest,9.244,
127003,RandomForest,9.249,
133475,RandomForest,9.253,
2982,RandomForest,9.286,
3023,RandomForest,9.32,
9354,RandomForest,9.327,
3360,RandomForest,9.328,
9309,RandomForest,9.334,
133575,RandomForest,9.338,
133448,RandomForest,9.358,
133796,RandomForest,9.364,
134201,RandomForest,9.367,
134045,RandomForest,9.377,
3425,RandomForest,9.388,
7609,RandomForest,9.395,
3133,RandomForest,9.415,
3343,RandomForest,9.439,
8935,RandomForest,9.453,
134041,RandomForest,9.454,
133254,RandomForest,9.458,
155077,RandomForest,9.474,
133793,RandomForest,9.477,
133425,RandomForest,9.479,
133479,RandomForest,9.482,
155062,RandomForest,9.504,
1765,RandomForest,9.513,
3449,RandomForest,9.521,
133375,RandomForest,9.524,
155024,RandomForest,9.531,
125651,RandomForest,9.532,
5040,RandomForest,9.537,
3496,RandomForest,9.557,
155020,RandomForest,9.579,
1791,RandomForest,9.591,
137001,RandomForest,9.591,
7279,RandomForest,9.596,
1256,RandomForest,9.606,
2326,RandomForest,9.625,
135031,RandomForest,9.638,
155113,RandomForest,9.659,
135015,RandomForest,9.677,
136941,RandomForest,9.69,
3437,RandomForest,9.694,
6443,RandomForest,9.695,
3811,RandomForest,9.704,
155012,RandomForest,9.704,
133528,RandomForest,9.721,
7145,RandomForest,9.733,
163406,RandomForest,9.742,
126204,RandomForest,9.755,
3659,RandomForest,9.762,
1067,RandomForest,9.767,
9041,RandomForest,9.773,
155032,RandomForest,9.796,
2880,RandomForest,9.801,
9509,RandomForest,9.802,
134156,RandomForest,9.823,
133786,RandomForest,9.828,
133794,RandomForest,9.843,
133342,RandomForest,9.857,
39601,RandomForest,9.86,
163410,RandomForest,9.893,
134057,RandomForest,9.899,
136806,RandomForest,9.901,
133315,RandomForest,9.913,
155104,RandomForest,9.942,
3854,RandomForest,9.953,
133627,RandomForest,9.98,
1262,RandomForest,10.012,
135014,RandomForest,10.019,
133641,RandomForest,10.026,
3451,RandomForest,10.033,
3169,RandomForest,10.035,
6419,RandomForest,10.036,
134060,RandomForest,10.063,
9325,RandomForest,10.066,
133288,RandomForest,10.077,
133206,RandomForest,10.082,
3372,RandomForest,10.084,
2909,RandomForest,10.107,
136897,RandomForest,10.113,
134003,RandomForest,10.139,
143001,RandomForest,10.146,
136902,RandomForest,10.173,
133434,RandomForest,10.186,
8698,RandomForest,10.188,
134142,RandomForest,10.2,
2302,RandomForest,10.23,
155031,RandomForest,10.253,
3411,RandomForest,10.273,
133734,RandomForest,10.288,
3208,RandomForest,10.296,
160068,RandomForest,10.301,
135059,RandomForest,10.335,
6423,RandomForest,10.367,
3755,RandomForest,10.374,
5061,RandomForest,10.376,
136936,RandomForest,10.377,
8654,RandomForest,10.389,
134073,RandomForest,10.396,
133511,RandomForest,10.411,
155122,RandomForest,10.416,
155013,RandomForest,10.426,
136931,RandomForest,10.461,
84601,RandomForest,10.492,
134134,RandomForest,10.525,
1935,RandomForest,10.527,
2660,RandomForest,10.533,
60604,RandomForest,10.538,
155053,RandomForest,10.538,
7330,RandomForest,10.539,
1997,RandomForest,10.556,
1876,RandomForest,10.586,
134144,RandomForest,10.591,
155123,RandomForest,10.596,
3764,RandomForest,10.607,
2900,RandomForest,10.61,
133289,RandomForest,10.625,
163624,RandomForest,10.625,
133729,RandomForest,10.634,
3214,RandomForest,10.638,
6399,RandomForest,10.646,
134179,RandomForest,10.669,
133265,RandomForest,10.67,
133603,RandomForest,10.694,
3605,RandomForest,10.699,
8740,RandomForest,10.726,
2147,RandomForest,10.734,
3542,RandomForest,10.734,
9315,RandomForest,10.746,
133760,RandomForest,10.753,
134174,RandomForest,10.784,
52803,RandomForest,10.798,
8971,RandomForest,10.803,
136922,RandomForest,10.807,
133439,RandomForest,10.846,
155128,RandomForest,10.847,
133718,RandomForest,10.858,
2165,RandomForest,10.911,
1882,RandomForest,10.919,
3658,RandomForest,10.928,
1811,RandomForest,10.937,
1253,RandomForest,10.94,
7147,RandomForest,10.947,
133377,RandomForest,10.953,
2889,RandomForest,10.966,
133709,RandomForest,10.966,
135033,RandomForest,10.983,
65603,RandomForest,10.985,
3315,RandomForest,10.993,
134024,RandomForest,11.001,
125602,RandomForest,11.023,
135058,RandomForest,11.048,
3986,RandomForest,11.052,
133308,RandomForest,11.066,
155045,RandomForest,11.091,
155017,RandomForest,11.137,
133281,RandomForest,11.148,
155081,RandomForest,11.15,
133225,RandomForest,11.162,
5029,RandomForest,11.166,
3738,RandomForest,11.167,
3007,RandomForest,11.192,
9207,RandomForest,11.201,
136939,RandomForest,11.233,
133489,RandomForest,11.241,
5036,RandomForest,11.256,
133373,RandomForest,11.268,
3219,RandomForest,11.277,
3050,RandomForest,11.282,
7065,RandomForest,11.29,
155028,RandomForest,11.302,
133262,RandomForest,11.309,
3218,RandomForest,11.345,
1785,RandomForest,11.35,
136879,RandomForest,11.351,
133738,RandomForest,11.393,
8663,RandomForest,11.431,
155043,RandomForest,11.441,
136919,RandomForest,11.526,
5062,RandomForest,11.533,
135068,RandomForest,11.556,
133606,RandomForest,11.573,
9086,RandomForest,11.588,
6450,RandomForest,11.599,
7061,RandomForest,11.602,
5974,RandomForest,11.627,
2447,RandomForest,11.633,
1274,RandomForest,11.67,
133374,RandomForest,11.722,
133591,RandomForest,11.727,
155076,RandomForest,11.739,
5973,RandomForest,11.742,
134166,RandomForest,11.757,
4085,RandomForest,11.786,
3189,RandomForest,11.787,
136940,RandomForest,11.809,
163212,RandomForest,11.815,
1263,RandomForest,11.833,
39606,RandomForest,11.847,
160025,RandomForest,11.875,
133521,RandomForest,11.878,
7144,RandomForest,11.929,
6420,RandomForest,11.931,
3324,RandomForest,11.956,
133540,RandomForest,11.979,
133696,RandomForest,12.004,
3819,RandomForest,12.008,
9748,RandomForest,12.012,
133625,RandomForest,12.045,
155030,RandomForest,12.064,
133257,RandomForest,12.07,
133286,RandomForest,12.072,
133637,RandomForest,12.072,
125631,RandomForest,12.085,
134043,RandomForest,12.131,
39602,RandomForest,12.161,
133299,RandomForest,12.185,
170006,RandomForest,12.185,
3152,RandomForest,12.201,
136926,RandomForest,12.203,
2185,RandomForest,12.233,
134153,RandomForest,12.25,
9040,RandomForest,12.272,
134157,RandomForest,12.289,
133802,RandomForest,12.304,
125616,RandomForest,12.328,
133232,RandomForest,12.344,
135034,RandomForest,12.354,
3349,RandomForest,12.358,
125801,RandomForest,12.39,
136877,RandomForest,12.392,
133782,RandomForest,12.399,
6430,RandomForest,12.403,
171008,RandomForest,12.44,
1070,RandomForest,12.49,
155124,RandomForest,12.498,
3741,RandomForest,12.512,
36001,RandomForest,12.576,
3354,RandomForest,12.591,
1783,RandomForest,12.593,
1115,RandomForest,12.594,
133302,RandomForest,12.648,
155050,RandomForest,12.687,
134062,RandomForest,12.689,
133777,RandomForest,12.707,
1259,RandomForest,12.744,
133703,RandomForest,12.748,
133739,RandomForest,12.787,
133594,RandomForest,12.792,
163211,RandomForest,12.807,
133324,RandomForest,12.81,
1770,RandomForest,12.835,
133576,RandomForest,12.89,
133379,RandomForest,12.922,
133735,RandomForest,12.932,
133290,RandomForest,12.941,
134044,RandomForest,12.943,
1089,RandomForest,12.957,
125611,RandomForest,12.966,
140402,RandomForest,12.968,
136911,RandomForest,12.971,
3400,RandomForest,12.99,
3067,RandomForest,12.993,
125657,RandomForest,13.025,
133742,RandomForest,13.093,
133336,RandomForest,13.123,
6421,RandomForest,13.129,
136907,RandomForest,13.133,
3762,RandomForest,13.203,
133437,RandomForest,13.209,
134150,RandomForest,13.209,
2830,RandomForest,13.217,
2322,RandomForest,13.226,
163004,RandomForest,13.257,
133383,RandomForest,13.292,
2740,RandomForest,13.306,
2890,RandomForest,13.312,
3504,RandomForest,13.371,
133639,RandomForest,13.38,
155091,RandomForest,13.398,
136876,RandomForest,13.462,
3839,RandomForest,13.498,
133560,RandomForest,13.505,
2602,RandomForest,13.526,
163223,RandomForest,13.527,
134126,RandomForest,13.538,
2892,RandomForest,13.562,
133406,RandomForest,13.573,
134020,RandomForest,13.609,
133330,RandomForest,13.617,
133807,RandomForest,13.627,
133233,RandomForest,13.679,
133350,RandomForest,13.691,
155117,RandomForest,13.725,
135003,RandomForest,13.726,
155008,RandomForest,13.726,
1992,RandomForest,13.736,
5002,RandomForest,13.775,
134130,RandomForest,13.795,
1911,RandomForest,13.846,
133433,RandomForest,13.855,
133269,RandomForest,13.877,
1278,RandomForest,13.884,
36002,RandomForest,13.892,
3831,RandomForest,13.938,
134186,RandomForest,13.956,
155107,RandomForest,13.986,
133726,RandomForest,13.992,
134025,RandomForest,14.052,
134155,RandomForest,14.095,
134040,RandomForest,14.13,
125619,RandomForest,14.158,
133550,RandomForest,14.159,
3344,RandomForest,14.167,
89402,RandomForest,14.293,
3205,RandomForest,14.331,
133733,RandomForest,14.338,
136905,RandomForest,14.349,
133438,RandomForest,14.371,
2273,RandomForest,14.391,
1960,RandomForest,14.395,
133338,RandomForest,14.407,
63802,RandomForest,14.464,
133768,RandomForest,14.464,
170009,RandomForest,14.521,
163207,RandomForest,14.522,
167601,RandomForest,14.567,
133679,RandomForest,14.624,
133798,RandomForest,14.625,
3373,RandomForest,14.689,
1830,RandomForest,14.721,
1963,RandomForest,14.724,
9378,RandomForest,14.787,
133618,RandomForest,14.808,
155040,RandomForest,14.837,
3392,RandomForest,14.852,
155132,RandomForest,14.855,
3366,RandomForest,14.887,
3364,RandomForest,14.935,
171012,RandomForest,14.948,
133401,RandomForest,14.967,
136910,RandomForest,15.036,
136937,RandomForest,15.079,
134145,RandomForest,15.103,
92403,RandomForest,15.127,
174801,RandomForest,15.129,
163224,RandomForest,15.165,
6465,RandomForest,15.189,
133781,RandomForest,15.201,
133730,RandomForest,15.214,
155095,RandomForest,15.224,
125659,RandomForest,15.256,
133721,RandomForest,15.298,
155127,RandomForest,15.303,
133529,RandomForest,15.305,
3311,RandomForest,15.32,
63803,RandomForest,15.344,
3154,RandomForest,15.376,
170005,RandomForest,15.396,
84401,RandomForest,15.525,
133574,RandomForest,15.543,
133596,RandomForest,15.543,
2883,RandomForest,15.55,
9379,RandomForest,15.598,
134008,RandomForest,15.621,
66208,RandomForest,15.656,
133684,RandomForest,15.682,
8752,RandomForest,15.728,
35401,RandomForest,15.749,
4172,RandomForest,15.764,
133812,RandomForest,15.855,
155026,RandomForest,15.908,
1275,RandomForest,15.913,
133764,RandomForest,15.92,
155037,RandomForest,15.937,
133604,RandomForest,16.018,
160049,RandomForest,16.057,
171805,RandomForest,16.084,
1886,RandomForest,16.144,
7071,RandomForest,16.15,
125603,RandomForest,16.193,
133589,RandomForest,16.208,
89802,RandomForest,16.257,
133399,RandomForest,16.285,
127801,RandomForest,16.309,
3842,RandomForest,16.412,
3847,RandomForest,16.436,
7192,RandomForest,16.44,
160018,RandomForest,16.474,
3389,RandomForest,16.493,
3758,RandomForest,16.506,
1837,RandomForest,16.533,
2988,RandomForest,16.542,
134187,RandomForest,16.571,
160010,RandomForest,16.611,
155069,RandomForest,16.62,
3313,RandomForest,16.669,
1834,RandomForest,16.693,
133542,RandomForest,16.724,
133327,RandomForest,16.757,
3209,RandomForest,16.864,
1779,RandomForest,16.878,
1255,RandomForest,16.915,
1810,RandomForest,16.923,
133436,RandomForest,16.998,
64404,RandomForest,17.134,
136901,RandomForest,17.176,
133773,RandomForest,17.207,
133779,RandomForest,17.209,
5033,RandomForest,17.278,
59002,RandomForest,17.284,
133741,RandomForest,17.323,
7608,RandomForest,17.328,
94005,RandomForest,17.407,
2750,RandomForest,17.466,
133470,RandomForest,17.478,
2874,RandomForest,17.488,
133484,RandomForest,17.534,
133360,RandomForest,17.555,
3211,RandomForest,17.564,
7283,RandomForest,17.567,
163408,RandomForest,17.596,
36401,RandomForest,17.8,
3634,RandomForest,17.825,
133766,RandomForest,17.868,
50601,RandomForest,17.951,
127001,RandomForest,17.959,
1943,RandomForest,18.031,
8966,RandomForest,18.056,
135022,RandomForest,18.117,
134016,RandomForest,18.136,
1265,RandomForest,18.17,
2190,RandomForest,18.24,
162622,RandomForest,18.297,
7315,RandomForest,18.311,
155018,RandomForest,18.311,
3804,RandomForest,18.325,
4170,RandomForest,18.349,
1254,RandomForest,18.387,
135024,RandomForest,18.41,
8754,RandomForest,18.44,
3734,RandomForest,18.488,
90001,RandomForest,18.6,
137606,RandomForest,18.651,
1822,RandomForest,18.733,
5065,RandomForest,18.737,
155033,RandomForest,18.858,
133598,RandomForest,18.913,
160006,RandomForest,18.914,
3807,RandomForest,19.004,
134197,RandomForest,19.043,
136872,RandomForest,19.074,
135016,RandomForest,19.11,
136875,RandomForest,19.168,
8747,RandomForest,19.359,
60002,RandomForest,19.461,
133762,RandomForest,19.518,
161203,RandomForest,19.535,
134194,RandomForest,19.536,
64801,RandomForest,19.549,
133728,RandomForest,19.687,
37401,RandomForest,19.783,
160053,RandomForest,19.806,
163806,RandomForest,19.853,
160035,RandomForest,19.863,
155078,RandomForest,20.033,
133613,RandomForest,20.072,
3357,RandomForest,20.103,
155067,RandomForest,20.123,
133745,RandomForest,20.233,
2654,RandomForest,20.279,
155027,RandomForest,20.289,
134164,RandomForest,20.34,
125668,RandomForest,20.351,
9751,RandomForest,20.36,
125655,RandomForest,20.374,
133335,RandomForest,20.382,
2263,RandomForest,20.39,
2717,RandomForest,20.463,
125609,RandomForest,20.534,
136916,RandomForest,20.582,
133380,RandomForest,20.59,
3645,RandomForest,20.745,
125632,RandomForest,20.815,
1917,RandomForest,20.825,
35001,RandomForest,20.854,
133621,RandomForest,21.151,
3395,RandomForest,21.17,
133711,RandomForest,21.179,
155082,RandomForest,21.185,
9511,RandomForest,21.233,
9075,RandomForest,21.272,
170401,RandomForest,21.456,
1273,RandomForest,21.462,
6453,RandomForest,21.513,
139201,RandomForest,21.551,
161201,RandomForest,21.783,
3849,RandomForest,21.842,
160051,RandomForest,21.96,
160040,RandomForest,22.017,
133757,RandomForest,22.082,
163209,RandomForest,22.151,
2882,RandomForest,22.379,
9724,RandomForest,22.646,
159201,RandomForest,22.802,
133303,RandomForest,22.835,
8729,RandomForest,23.008,
133697,RandomForest,23.162,
134076,RandomForest,23.164,
3848,RandomForest,23.201,
134190,RandomForest,23.283,
3961,RandomForest,23.398,
170003,RandomForest,23.433,
3002,RandomForest,23.458,
1803,RandomForest,23.53,
134146,RandomForest,23.535,
3052,RandomForest,23.574,
2276,RandomForest,23.595,
3747,RandomForest,23.639,
135012,RandomForest,23.646,
6427,RandomForest,23.987,
1979,RandomForest,24.064,
133759,RandomForest,24.07,
125621,RandomForest,24.35,
35403,RandomForest,24.422,
140610,RandomForest,24.473,
133242,RandomForest,24.684,
3748,RandomForest,25.168,
31401,RandomForest,25.181,
1941,RandomForest,25.213,
9465,RandomForest,25.32,
155126,RandomForest,25.374,
133326,RandomForest,25.557,
160414,RandomForest,25.595,
133259,RandomForest,25.78,
3844,RandomForest,25.926,
3441,RandomForest,25.93,
133813,RandomForest,26.071,
136802,RandomForest,26.131,
9430,RandomForest,26.243,
6394,RandomForest,26.573,
3841,RandomForest,26.598,
165003,RandomForest,26.697,
133612,RandomForest,26.998,
8734,RandomForest,27.072,
3832,RandomForest,27.115,
3355,RandomForest,27.432,
125640,RandomForest,27.459,
135001,RandomForest,27.565,
133610,RandomForest,27.945,
155073,RandomForest,27.977,
133649,RandomForest,28.16,
3055,RandomForest,28.227,
2549,RandomForest,28.424,
9756,RandomForest,28.725,
125663,RandomForest,28.988,
9304,RandomForest,29.242,
139202,RandomForest,29.243,
133572,RandomForest,29.338,
125623,RandomForest,29.588,
6398,RandomForest,29.779,
134067,RandomForest,29.806,
128801,RandomForest,29.86,
140612,RandomForest,29.88,
9754,RandomForest,30.045,
133543,RandomForest,30.089,
5226,RandomForest,30.156,
133532,RandomForest,30.218,
125620,RandomForest,30.237,
2546,RandomForest,30.287,
140611,RandomForest,30.435,
133724,RandomForest,30.47,
155009,RandomForest,30.608,
5059,RandomForest,30.743,
125643,RandomForest,30.794,
155092,RandomForest,30.824,
172823,RandomForest,30.927,
136813,RandomForest,31.016,
5060,RandomForest,31.4,
133283,RandomForest,31.495,
2603,RandomForest,31.618,
134172,RandomForest,31.707,
155121,RandomForest,31.776,
8214,RandomForest,31.781,
159202,RandomForest,31.85,
134200,RandomForest,32.344,
133676,RandomForest,32.639,
3740,RandomForest,32.648,
150210,RandomForest,33.271,
134018,RandomForest,33.334,
155093,RandomForest,33.592,
136908,RandomForest,34.623,
155114,RandomForest,35.747,
133642,RandomForest,35.947,
163201,RandomForest,35.993,
161802,RandomForest,36.042,
125639,RandomForest,36.356,
1978,RandomForest,36.725,
163202,RandomForest,36.859,
153810,RandomForest,36.86,
133548,RandomForest,37.346,
133806,RandomForest,37.466,
133368,RandomForest,37.792,
134161,RandomForest,38.247,
133776,RandomForest,38.277,
170004,RandomForest,39.603,
135075,RandomForest,39.729,
125629,RandomForest,40.512,
134061,RandomForest,41.454,
133700,RandomForest,41.657,
2611,RandomForest,41.8,
7067,RandomForest,41.832,
134001,RandomForest,41.848,
2987,RandomForest,42.423,
1858,RandomForest,42.94,
127802,RandomForest,43.299,
1948,RandomForest,43.845,
4174,RandomForest,44.429,
3987,RandomForest,44.789,
135801,RandomForest,45.145,
133749,RandomForest,45.789,
170007,RandomForest,45.964,
155134,RandomForest,46.306,
165004,RandomForest,47.633,
2930,RandomForest,47.945,
133615,RandomForest,48.098,
136602,RandomForest,48.52,
134070,RandomForest,48.88,
3207,RandomForest,48.959,
133725,RandomForest,49.083,
7064,RandomForest,49.295,
125669,RandomForest,49.383,
133640,RandomForest,50.351,
136853,RandomForest,51.455,
3140,RandomForest,51.653,
1964,RandomForest,51.75,
160056,RandomForest,51.806,
174404,RandomForest,52.868,
159002,RandomForest,52.909,
125641,RandomForest,53.01,
9385,RandomForest,53.204,
170001,RandomForest,53.263,
125634,RandomForest,53.789,
125614,RandomForest,54.245,
133364,RandomForest,54.784,
7439,RandomForest,56.421,
168201,RandomForest,57.447,
169014,RandomForest,60.794,
136811,RandomForest,61.856,
133583,RandomForest,61.895,
125664,RandomForest,62.178,
125638,RandomForest,63.086,
165610,RandomForest,63.903,
136810,RandomForest,64.108,
169013,RandomForest,66.092,
136938,RandomForest,66.711,
168202,RandomForest,67.373,
155079,RandomForest,68.891,
1257,RandomForest,71.365,
155109,RandomForest,71.643,
160063,RandomForest,72.117,
3816,RandomForest,72.207,
135004,RandomForest,74.137,
163805,RandomForest,74.927,
136921,RandomForest,75.867,
155120,RandomForest,76.92,
158401,RandomForest,77.7,
135019,RandomForest,77.916,
133754,RandomForest,79.007,
1269,RandomForest,87.434,
162620,RandomForest,89.908,
151801,RandomForest,91.357,
133602,RandomForest,91.642,
171802,RandomForest,95.373,
1271,RandomForest,104.48,
2604,RandomForest,108.155,
2662,RandomForest,111.997,
151802,RandomForest,116.813,
171806,RandomForest,119.682,
133520,RandomForest,121.304,
2155,RandomForest,123.94,
157202,RandomForest,127.091,
3442,RandomForest,130.994,
3160,RandomForest,131.892,
133447,RandomForest,133.635,
145801,RandomForest,136.703,
8741,RandomForest,146.117,
133510,RandomForest,158.319,
160044,RandomForest,166.31,
7066,RandomForest,177.175,
133501,RandomForest,189.378,
2285,RandomForest,200.488,
133369,RandomForest,204.088,
171601,RandomForest,216.38,
133388,RandomForest,237.052,
171602,RandomForest,298.326,
171011,RandomForest,439.672,
160075,RandomForest,478.068,
133361,RandomForest,494.682,
5023,RandomForest,507.964,
133284,RandomForest,547.617,
155089,RandomForest,649.877,
162624,RandomForest,866.364,
134154,RandomForest,890.794,
1075,RandomForest,1124.297,
2707,RandomForest,1749.626,
133736,RandomForest,1999.19,
125627,RandomForest,2274.902,
136942,RandomForest,5475.365,
162602,SARIMAX,3.915,
3853,SARIMAX,4.155,
3651,SARIMAX,4.351,
6416,SARIMAX,4.382,
2993,SARIMAX,4.437,
133507,SARIMAX,4.592,
139407,SARIMAX,4.649,
5098,SARIMAX,4.705,
3136,SARIMAX,4.799,
3544,SARIMAX,4.8,
133686,SARIMAX,4.851,
3760,SARIMAX,4.867,
6446,SARIMAX,4.875,
133617,SARIMAX,4.879,
133787,SARIMAX,4.904,
133633,SARIMAX,4.917,
3049,SARIMAX,4.932,
9222,SARIMAX,4.939,
2588,SARIMAX,4.968,
133611,SARIMAX,4.994,
9312,SARIMAX,5.055,
133241,SARIMAX,5.055,
2887,SARIMAX,5.058,
133546,SARIMAX,5.075,
7141,SARIMAX,5.104,
1105,SARIMAX,5.151,
3370,SARIMAX,5.162,
1914,SARIMAX,5.167,
1918,SARIMAX,5.221,
3063,SARIMAX,5.229,
133619,SARIMAX,5.236,
133297,SARIMAX,5.243,
133322,SARIMAX,5.267,
135049,SARIMAX,5.272,
2202,SARIMAX,5.298,
7079,SARIMAX,5.324,
114602,SARIMAX,5.365,
9313,SARIMAX,5.371,
85001,SARIMAX,5.386,
3722,SARIMAX,5.406,
133629,SARIMAX,5.406,
2998,SARIMAX,5.427,
3141,SARIMAX,5.44,
5024,SARIMAX,5.476,
133670,SARIMAX,5.502,
155099,SARIMAX,5.53,
2738,SARIMAX,5.542,
8742,SARIMAX,5.543,
5006,SARIMAX,5.546,
3158,SARIMAX,5.592,
158601,SARIMAX,5.638,
133306,SARIMAX,5.679,
9353,SARIMAX,5.716,
2729,SARIMAX,5.742,
155046,SARIMAX,5.75,
2996,SARIMAX,5.76,
125606,SARIMAX,5.771,
1894,SARIMAX,5.787,
63604,SARIMAX,5.791,
135009,SARIMAX,5.792,
155034,SARIMAX,5.806,
2651,SARIMAX,5.826,
8899,SARIMAX,5.832,
136805,SARIMAX,5.837,
134121,SARIMAX,5.879,
160050,SARIMAX,5.882,
133614,SARIMAX,5.887,
8794,SARIMAX,5.92,
8308,SARIMAX,5.932,
3177,SARIMAX,5.939,
155055,SARIMAX,5.966,
133481,SARIMAX,5.968,
2912,SARIMAX,6.002,
155042,SARIMAX,6.028,
2250,SARIMAX,6.046,
8755,SARIMAX,6.049,
1266,SARIMAX,6.067,
64403,SARIMAX,6.073,
90401,SARIMAX,6.091,
133662,SARIMAX,6.094,
1077,SARIMAX,6.097,
1078,SARIMAX,6.097,
3316,SARIMAX,6.137,
133651,SARIMAX,6.207,
5085,SARIMAX,6.216,
1073,SARIMAX,6.223,
136904,SARIMAX,6.245,
133271,SARIMAX,6.26,
133592,SARIMAX,6.288,
133508,SARIMAX,6.294,
3159,SARIMAX,6.306,
1874,SARIMAX,6.321,
4208,SARIMAX,6.326,
3148,SARIMAX,6.33,
1897,SARIMAX,6.34,
133513,SARIMAX,6.375,
2607,SARIMAX,6.378,
124401,SARIMAX,6.422,
4219,SARIMAX,6.449,
1905,SARIMAX,6.464,
133609,SARIMAX,6.474,
133319,SARIMAX,6.479,
1891,SARIMAX,6.505,
133568,SARIMAX,6.51,
3179,SARIMAX,6.512,
1909,SARIMAX,6.517,
2876,SARIMAX,6.532,
2722,SARIMAX,6.533,
133678,SARIMAX,6.54,
133400,SARIMAX,6.55,
133663,SARIMAX,6.576,
8912,SARIMAX,6.577,
5073,SARIMAX,6.579,
1920,SARIMAX,6.584,
4177,SARIMAX,6.602,
166002,SARIMAX,6.641,
134128,SARIMAX,6.653,
133378,SARIMAX,6.657,
3145,SARIMAX,6.659,
2226,SARIMAX,6.666,
134055,SARIMAX,6.671,
133515,SARIMAX,6.675,
155052,SARIMAX,6.685,
133277,SARIMAX,6.747,
3328,SARIMAX,6.752,
6405,SARIMAX,6.763,
2685,SARIMAX,6.784,
3462,SARIMAX,6.791,
2891,SARIMAX,6.823,
133450,SARIMAX,6.842,
104001,SARIMAX,6.854,
63601,SARIMAX,6.866,
1114,SARIMAX,6.873,
133229,SARIMAX,6.904,
3957,SARIMAX,6.912,
133643,SARIMAX,6.919,
1059,SARIMAX,6.95,
133672,SARIMAX,6.965,
62801,SARIMAX,7.016,
133498,SARIMAX,7.017,
133272,SARIMAX,7.03,
1823,SARIMAX,7.036,
3808,SARIMAX,7.036,
42801,SARIMAX,7.039,
133243,SARIMAX,7.049,
2646,SARIMAX,7.062,
134047,SARIMAX,7.103,
5051,SARIMAX,7.13,
2307,SARIMAX,7.146,
133691,SARIMAX,7.158,
133632,SARIMAX,7.161,
133486,SARIMAX,7.171,
134162,SARIMAX,7.171,
135029,SARIMAX,7.172,
2548,SARIMAX,7.182,
1098,SARIMAX,7.184,
2709,SARIMAX,7.202,
133358,SARIMAX,7.211,
9424,SARIMAX,7.218,
5043,SARIMAX,7.239,
3725,SARIMAX,7.243,
2713,SARIMAX,7.252,
133675,SARIMAX,7.258,
2616,SARIMAX,7.27,
64401,SARIMAX,7.288,
133595,SARIMAX,7.326,
132802,SARIMAX,7.332,
8662,SARIMAX,7.333,
5068,SARIMAX,7.335,
9319,SARIMAX,7.349,
135023,SARIMAX,7.353,
2749,SARIMAX,7.37,
3397,SARIMAX,7.429,
94403,SARIMAX,7.43,
125604,SARIMAX,7.436,
133519,SARIMAX,7.438,
134010,SARIMAX,7.459,
92404,SARIMAX,7.479,
155100,SARIMAX,7.504,
1859,SARIMAX,7.515,
136804,SARIMAX,7.53,
9340,SARIMAX,7.54,
1097,SARIMAX,7.553,
9338,SARIMAX,7.569,
5005,SARIMAX,7.571,
5090,SARIMAX,7.589,
7324,SARIMAX,7.605,
171010,SARIMAX,7.613,
4178,SARIMAX,7.658,
133405,SARIMAX,7.665,
3781,SARIMAX,7.703,
133461,SARIMAX,7.72,
133278,SARIMAX,7.724,
9049,SARIMAX,7.745,
133634,SARIMAX,7.746,
5083,SARIMAX,7.758,
3399,SARIMAX,7.763,
92201,SARIMAX,7.776,
125608,SARIMAX,7.793,
133714,SARIMAX,7.807,
2231,SARIMAX,7.814,
6400,SARIMAX,7.839,
3054,SARIMAX,7.847,
3222,SARIMAX,7.849,
134063,SARIMAX,7.904,
115003,SARIMAX,7.907,
133567,SARIMAX,7.918,
133552,SARIMAX,7.928,
133249,SARIMAX,7.938,
154601,SARIMAX,7.939,
134199,SARIMAX,7.953,
133394,SARIMAX,7.958,
133365,SARIMAX,7.961,
133255,SARIMAX,7.97,
155135,SARIMAX,7.974,
5047,SARIMAX,7.976,
134075,SARIMAX,7.985,
3155,SARIMAX,8.001,
155070,SARIMAX,8.008,
133376,SARIMAX,8.04,
133251,SARIMAX,8.041,
133635,SARIMAX,8.049,
134035,SARIMAX,8.056,
133381,SARIMAX,8.081,
134159,SARIMAX,8.113,
133645,SARIMAX,8.171,
133553,SARIMAX,8.187,
3457,SARIMAX,8.216,
133720,SARIMAX,8.253,
133348,SARIMAX,8.319,
136920,SARIMAX,8.362,
5092,SARIMAX,8.38,
44001,SARIMAX,8.38,
133458,SARIMAX,8.418,
133478,SARIMAX,8.425,
160030,SARIMAX,8.441,
3066,SARIMAX,8.447,
5087,SARIMAX,8.45,
6406,SARIMAX,8.452,
133314,SARIMAX,8.469,
135006,SARIMAX,8.479,
133352,SARIMAX,8.485,
9431,SARIMAX,8.492,
2668,SARIMAX,8.521,
133214,SARIMAX,8.568,
133631,SARIMAX,8.602,
133571,SARIMAX,8.696,
5031,SARIMAX,8.724,
4121,SARIMAX,8.745,
134037,SARIMAX,8.747,
3458,SARIMAX,8.756,
1899,SARIMAX,8.757,
7425,SARIMAX,8.805,
155068,SARIMAX,8.806,
133460,SARIMAX,8.82,
3412,SARIMAX,8.943,
131803,SARIMAX,8.962,
6426,SARIMAX,8.973,
3365,SARIMAX,8.997,
3723,SARIMAX,9.003,
2223,SARIMAX,9.007,
3230,SARIMAX,9.023,
133449,SARIMAX,9.043,
133333,SARIMAX,9.104,
134068,SARIMAX,9.113,
4168,SARIMAX,9.116,
125660,SARIMAX,9.132,
134074,SARIMAX,9.14,
133496,SARIMAX,9.152,
133215,SARIMAX,9.164,
134122,SARIMAX,9.195,
155057,SARIMAX,9.206,
155096,SARIMAX,9.33,
133402,SARIMAX,9.371,
133752,SARIMAX,9.383,
3759,SARIMAX,9.384,
9753,SARIMAX,9.386,
1752,SARIMAX,9.494,
133280,SARIMAX,9.526,
125665,SARIMAX,9.592,
133785,SARIMAX,9.599,
133260,SARIMAX,9.603,
3444,SARIMAX,9.709,
3314,SARIMAX,9.717,
3452,SARIMAX,9.749,
1063,SARIMAX,9.777,
160022,SARIMAX,9.821,
133566,SARIMAX,9.829,
64203,SARIMAX,9.847,
2267,SARIMAX,9.876,
2312,SARIMAX,9.877,
114401,SARIMAX,9.898,
133559,SARIMAX,9.907,
133517,SARIMAX,10.002,
5057,SARIMAX,10.147,
3495,SARIMAX,10.178,
125647,SARIMAX,10.187,
1881,SARIMAX,10.347,
9342,SARIMAX,10.387,
9334,SARIMAX,10.44,
2745,SARIMAX,10.46,
3060,SARIMAX,10.502,
134131,SARIMAX,10.527,
133661,SARIMAX,10.57,
135011,SARIMAX,10.637,
155087,SARIMAX,10.64,
160065,SARIMAX,10.78,
2193,SARIMAX,10.783,
92402,SARIMAX,10.815,
76802,SARIMAX,10.884,
9245,SARIMAX,10.891,
133355,SARIMAX,10.915,
134183,SARIMAX,10.93,
133211,SARIMAX,10.941,
134017,SARIMAX,10.954,
134180,SARIMAX,10.956,
7287,SARIMAX,10.962,
155110,SARIMAX,10.969,
133695,SARIMAX,11.074,
2875,SARIMAX,11.107,
133490,SARIMAX,11.113,
1069,SARIMAX,11.118,
133446,SARIMAX,11.144,
3325,SARIMAX,11.175,
3337,SARIMAX,11.23,
133404,SARIMAX,11.269,
3852,SARIMAX,11.325,
133562,SARIMAX,11.367,
133263,SARIMAX,11.376,
133244,SARIMAX,11.385,
133353,SARIMAX,11.419,
8731,SARIMAX,11.475,
133503,SARIMAX,11.507,
1900,SARIMAX,11.605,
133476,SARIMAX,11.605,
133332,SARIMAX,11.767,
3779,SARIMAX,11.785,
133607,SARIMAX,11.793,
155116,SARIMAX,11.827,
160058,SARIMAX,11.853,
3125,SARIMAX,11.899,
9746,SARIMAX,11.916,
2995,SARIMAX,11.936,
8697,SARIMAX,11.936,
3216,SARIMAX,11.968,
158201,SARIMAX,11.993,
155098,SARIMAX,12.126,
2906,SARIMAX,12.175,
8159,SARIMAX,12.225,
134176,SARIMAX,12.274,
155102,SARIMAX,12.307,
2992,SARIMAX,12.337,
2648,SARIMAX,12.35,
155035,SARIMAX,12.398,
160015,SARIMAX,12.415,
133707,SARIMAX,12.42,
134065,SARIMAX,12.494,
155119,SARIMAX,12.545,
160034,SARIMAX,12.56,
6449,SARIMAX,12.605,
1780,SARIMAX,12.735,
139801,SARIMAX,12.74,
2153,SARIMAX,12.823,
1083,SARIMAX,12.824,
8787,SARIMAX,12.848,
134136,SARIMAX,12.865,
133248,SARIMAX,12.872,
136945,SARIMAX,12.897,
133464,SARIMAX,12.955,
133463,SARIMAX,12.991,
9314,SARIMAX,13.009,
133660,SARIMAX,13.032,
133279,SARIMAX,13.064,
160020,SARIMAX,13.119,
155019,SARIMAX,13.12,
1068,SARIMAX,13.133,
133213,SARIMAX,13.138,
175001,SARIMAX,13.193,
5044,SARIMAX,13.271,
39603,SARIMAX,13.283,
155088,SARIMAX,13.286,
136927,SARIMAX,13.347,
133771,SARIMAX,13.369,
135025,SARIMAX,13.403,
1270,SARIMAX,13.478,
3596,SARIMAX,13.488,
133454,SARIMAX,13.503,
5021,SARIMAX,13.663,
155131,SARIMAX,13.749,
7286,SARIMAX,13.784,
8782,SARIMAX,13.838,
42601,SARIMAX,13.918,
125656,SARIMAX,13.974,
160014,SARIMAX,14.03,
133668,SARIMAX,14.153,
133285,SARIMAX,14.296,
8901,SARIMAX,14.355,
5022,SARIMAX,14.399,
150402,SARIMAX,14.6,
133758,SARIMAX,14.604,
138001,SARIMAX,14.638,
2614,SARIMAX,14.73,
2266,SARIMAX,14.781,
5076,SARIMAX,14.849,
5078,SARIMAX,14.898,
155039,SARIMAX,14.902,
133790,SARIMAX,14.947,
134069,SARIMAX,15.113,
133677,SARIMAX,15.164,
133694,SARIMAX,15.177,
5086,SARIMAX,15.183,
134014,SARIMAX,15.207,
3371,SARIMAX,15.395,
1087,SARIMAX,15.461,
160042,SARIMAX,15.661,
155071,SARIMAX,15.664,
133349,SARIMAX,15.716,
133346,SARIMAX,15.787,
57401,SARIMAX,15.869,
9750,SARIMAX,15.912,
6482,SARIMAX,15.928,
64601,SARIMAX,16.004,
3840,SARIMAX,16.097,
133351,SARIMAX,16.202,
135002,SARIMAX,16.216,
155106,SARIMAX,16.245,
134013,SARIMAX,16.34,
135040,SARIMAX,16.37,
134171,SARIMAX,16.377,
2309,SARIMAX,16.38,
134015,SARIMAX,16.607,
2458,SARIMAX,16.719,
133765,SARIMAX,16.773,
160048,SARIMAX,16.816,
135013,SARIMAX,16.875,
134185,SARIMAX,17.079,
135008,SARIMAX,17.129,
3359,SARIMAX,17.255,
135036,SARIMAX,17.453,
133497,SARIMAX,17.47,
155125,SARIMAX,17.546,
155074,SARIMAX,17.585,
135053,SARIMAX,17.771,
1872,SARIMAX,17.803,
135007,SARIMAX,17.806,
125650,SARIMAX,17.823,
133331,SARIMAX,17.828,
133325,SARIMAX,17.866,
78602,SARIMAX,17.919,
134026,SARIMAX,17.988,
155085,SARIMAX,18.074,
133769,SARIMAX,18.079,
134002,SARIMAX,18.151,
160037,SARIMAX,18.32,
125601,SARIMAX,18.348,
6458,SARIMAX,19.351,
125661,SARIMAX,19.5,
125626,SARIMAX,19.582,
141002,SARIMAX,19.658,
155072,SARIMAX,19.658,
125654,SARIMAX,19.794,
133646,SARIMAX,20.037,
132001,SARIMAX,20.268,
133409,SARIMAX,20.271,
133688,SARIMAX,20.46,
1861,SARIMAX,21.167,
133600,SARIMAX,21.496,
160019,SARIMAX,21.765,
133772,SARIMAX,22.514,
3375,SARIMAX,22.633,
160064,SARIMAX,23.027,
134023,SARIMAX,23.064,
155066,SARIMAX,23.776,
133347,SARIMAX,24.778,
163206,SARIMAX,25.007,
2230,SARIMAX,26.929,
3322,SARIMAX,27.724,
134019,SARIMAX,27.809,
135005,SARIMAX,27.896,
133669,SARIMAX,27.978,
133800,SARIMAX,30.813,
160069,SARIMAX,30.97,
1771,SARIMAX,32.21,
160076,SARIMAX,32.248,
80001,SARIMAX,32.967,
160038,SARIMAX,33.077,
134175,SARIMAX,33.352,
133778,SARIMAX,33.661,
155064,SARIMAX,33.942,
133493,SARIMAX,34.237,
3369,SARIMAX,34.909,
136878,SARIMAX,34.943,
133231,SARIMAX,35.212,
9307,SARIMAX,35.346,
1959,SARIMAX,36.929,
160029,SARIMAX,37.143,
133756,SARIMAX,37.811,
5224,SARIMAX,40.222,
3430,SARIMAX,41.009,
3161,SARIMAX,42.501,
163213,SARIMAX,46.653,
5095,SARIMAX,46.675,
135041,SARIMAX,46.99,
170002,SARIMAX,52.307,
2195,SARIMAX,60.827,
5067,SARIMAX,79.37,
39202,SARIMAX,86.452,
1751,SARIMAX,110.318,
1845,SARIMAX,115.521,
165211,SARIMAX,219.664,
134007,SARIMAX,263.02,
3821,SARIMAX,341.946,
133371,SARIMAX,359.111,
62403,SARIMAX,449.194,
134052,SARIMAX,579.301,
3824,SARIMAX,664.083,
6433,SARIMAX,1088.251,
134133,SARIMAX,1241.895,
155136,SARIMAX,1394.773,
169801,SARIMAX,1418.965,
135044,SARIMAX,1444.958,
6418,SARIMAX,6806.406,
9339,SARIMAX,10341.638,
3128,,,boolean index did not match indexed array along axis 0; size of axis is 75 but size of corresponding boolean axis is 73
3432,,,boolean index did not match indexed array along axis 0; size of axis is 75 but size of corresponding boolean axis is 42
52401,,,boolean index did not match indexed array along axis 0; size of axis is 75 but size of corresponding boolean axis is 30
52402,,,boolean index did not match indexed array along axis 0; size of axis is 75 but size of corresponding boolean axis is 27
52406,,,boolean index did not match indexed array along axis 0; size of axis is 75 but size of corresponding boolean axis is 28
52407,,,boolean index did not match indexed array along axis 0; size of axis is 75 but size of corresponding boolean axis is 27
52408,,,boolean index did not match indexed array along axis 0; size of axis is 75 but size of corresponding boolean axis is 27
52409,,,boolean index did not match indexed array along axis 0; size of axis is 75 but size of corresponding boolean axis is 30
52411,,,boolean index did not match indexed array along axis 0; size of axis is 75 but size of corresponding boolean axis is 28
52414,,,boolean index did not match indexed array along axis 0; size of axis is 75 but size of corresponding boolean axis is 28
125624,,,boolean index did not match indexed array along axis 0; size of axis is 75 but size of corresponding boolean axis is 70
125633,,,boolean index did not match indexed array along axis 0; size of axis is 75 but size of corresponding boolean axis is 70
134033,,,boolean index did not match indexed array along axis 0; size of axis is 75 but size of corresponding boolean axis is 32
134038,,,boolean index did not match indexed array along axis 0; size of axis is 75 but size of corresponding boolean axis is 32
134051,,,boolean index did not match indexed array along axis 0; size of axis is 75 but size of corresponding boolean axis is 32
137605,,,boolean index did not match indexed array along axis 0; size of axis is 75 but size of corresponding boolean axis is 31
153401,,,boolean index did not match indexed array along axis 0; size of axis is 75 but size of corresponding boolean axis is 10
160003,,,boolean index did not match indexed array along axis 0; size of axis is 75 but size of corresponding boolean axis is 59
160047,,,boolean index did not match indexed array along axis 0; size of axis is 75 but size of corresponding boolean axis is 18
160055,,,boolean index did not match indexed array along axis 0; size of axis is 75 but size of corresponding boolean axis is 18
160079,,,boolean index did not match indexed array along axis 0; size of axis is 75 but size of corresponding boolean axis is 57
164201,,,"Found array with 0 sample(s) (shape=(0, 18)) while a minimum of 1 is required by RandomForestRegressor."
170010,,,boolean index did not match indexed array along axis 0; size of axis is 75 but size of corresponding boolean axis is 22
170032,,,boolean index did not match indexed array along axis 0; size of axis is 75 but size of corresponding boolean axis is 22
170033,,,boolean index did not match indexed array along axis 0; size of axis is 75 but size of corresponding boolean axis is 22
175401,,,boolean index did not match indexed array along axis 0; size of axis is 75 but size of corresponding boolean axis is 55
175603,,,boolean index did not match indexed array along axis 0; size of axis is 75 but size of corresponding boolean axis is 44
175604,,,boolean index did not match indexed array along axis 0; size of axis is 75 but size of corresponding boolean axis is 44
175801,,,boolean index did not match indexed array along axis 0; size of axis is 75 but size of corresponding boolean axis is 10
